"﻿Titolo del progetto",Apri il progetto,Area,Contatti,Date di lavorazione,Fatturazione,In carico a,Incarico,Press,Progressione,Status,Task,Team a supporto
"Europa Creativa | MateraHub ",,Altre produzioni (https://www.notion.so/Altre-produzioni-2e1471fc203081168a4fc4c8217ccd59?pvs=21),MateraHub - Giulia Fornari (https://www.notion.so/MateraHub-Giulia-Fornari-2e2471fc20308084a858dc5c3bd6d755?pvs=21),"January 1, 2026 → April 14, 2026",,"Maura Gancitano, Andrea Colamedici",,,1,Pianificazione,"Inviare proposta NEWS - JOURNALISM PARTNERSHIPS - COLLABORATIONS (https://www.notion.so/Inviare-proposta-NEWS-JOURNALISM-PARTNERSHIPS-COLLABORATIONS-2e2471fc203080f6afdbefe84ae8693c?pvs=21), Scrivere proposta per CREA-CROSS-2026-MEDIALITERACY (https://www.notion.so/Scrivere-proposta-per-CREA-CROSS-2026-MEDIALITERACY-2e7471fc203080a09d9dfff7b3488270?pvs=21), Inviare proposta CREA-MEDIA-2026-FESTNET (https://www.notion.so/Inviare-proposta-CREA-MEDIA-2026-FESTNET-2e7471fc20308053b128fb1f777d233d?pvs=21), Compilare PIF di Tlon per bando (https://www.notion.so/Compilare-PIF-di-Tlon-per-bando-2f0471fc2030804098f0c3dff8fc9781?pvs=21), scrivere ultima parte progetto Materahub Journalism (https://www.notion.so/scrivere-ultima-parte-progetto-Materahub-Journalism-2f5471fc20308088a581e3ff7143a07d?pvs=21), inviare a Materahub Dichiarazione timbrata [Nicola] (https://www.notion.so/inviare-a-Materahub-Dichiarazione-timbrata-Nicola-2f9471fc2030801abeb5f33d57daa9b9?pvs=21)",
UniCattolica per volume “In nome di Giulia. Il coraggio di cambiare della Generazione Zeta”,,Produzione editoriale (https://www.notion.so/Produzione-editoriale-2e1471fc203081b9ad4ecbfb013e29dd?pvs=21),,"January 1, 2026",,"Maura Gancitano, Andrea Colamedici",,,1,Massima priorità,Scrivere contributo per Cattolica (https://www.notion.so/Scrivere-contributo-per-Cattolica-2e1471fc203081bba02ec1bb59d33d2c?pvs=21),
Specchio delle mie brame / Francia,,Produzione editoriale (https://www.notion.so/Produzione-editoriale-2e1471fc203081b9ad4ecbfb013e29dd?pvs=21),,,,,,,1,,aggiungere specchio delle mie brame in corso di pubblicazione in francia (https://www.notion.so/aggiungere-specchio-delle-mie-brame-in-corso-di-pubblicazione-in-francia-2e1471fc203081969a82d0a52e7fe913?pvs=21),
Manuale “Diversity e inclusion nelle aziende”,,Produzione editoriale (https://www.notion.so/Produzione-editoriale-2e1471fc203081b9ad4ecbfb013e29dd?pvs=21),,,,,Non definito,,0,Bloccato,manuale D&I management (https://www.notion.so/manuale-D-I-management-2e1471fc203081c9b012d70b02d8769f?pvs=21),
Cimiterologia per Cimitero Acattolico di Roma,,Conferenze (https://www.notion.so/Conferenze-2e1471fc203081cf8d95d5afda0f0370?pvs=21),,"January 26, 2026 → April 19, 2026",,Andrea Colamedici,Non definito,,0.5714285714285714,In corso,"Capire cosa fare al Cimitero Acattolico sul tema della cimiterologia (https://www.notion.so/Capire-cosa-fare-al-Cimitero-Acattolico-sul-tema-della-cimiterologia-1f0cea2f44bf448fb0493208ab88208b?pvs=21), Fissate date di Cimiterologia (https://www.notion.so/Fissate-date-di-Cimiterologia-2ef471fc2030804a9b44e1fde8232b57?pvs=21), Cimiterologia 1/4 (https://www.notion.so/Cimiterologia-1-4-2ef471fc2030802ea163f619807e1bdf?pvs=21), Cimiteorologia 2/4 (https://www.notion.so/Cimiteorologia-2-4-2ef471fc20308092aecbc14e4294e196?pvs=21), Cimiteorologia 3/4 (https://www.notion.so/Cimiteorologia-3-4-2ef471fc2030806ea0f5d93840a28065?pvs=21), Cimiteorologia 4/4 (https://www.notion.so/Cimiteorologia-4-4-2ef471fc20308014a4c5d4417165572d?pvs=21), Dare indicazioni a @Tlon HQ su come vengono prese le iscrizioni a @Cimiterologia per Cimitero Acattolico di Roma  (https://www.notion.so/Dare-indicazioni-a-su-come-vengono-prese-le-iscrizioni-a-2ef471fc2030804f9048eedd7c11c2d3?pvs=21)",
Antologia Sanoma → Corso di storia della filosofia per il liceo [autore Domenico Massaro],,Produzione editoriale (https://www.notion.so/Produzione-editoriale-2e1471fc203081b9ad4ecbfb013e29dd?pvs=21),"Chiara Sottile (https://www.notion.so/Chiara-Sottile-2e3471fc203080faa8ddf2df2f085774?pvs=21), Domenico Massaro (https://www.notion.so/Domenico-Massaro-2e3471fc2030800280c3dcd599083512?pvs=21)","January 18, 2026 → May 1, 2026",,"Maura Gancitano, Andrea Colamedici, Tlon HQ",,,0.5,Massima priorità,"Pianificare la scrittura dei contributi per il primo volume con scadenza a metà maggio (10 contributi) (https://www.notion.so/Pianificare-la-scrittura-dei-contributi-per-il-primo-volume-con-scadenza-a-met-maggio-10-contribut-2e1471fc20308168afd0e45dc14b8315?pvs=21), Riunione interna con Sanoma per definire il progetto (https://www.notion.so/Riunione-interna-con-Sanoma-per-definire-il-progetto-2e3471fc203080928eb7f51119ab619f?pvs=21), rispondere a Chiara Sottile di Sanoma entro domani per dire quando possiamo sentirci (https://www.notion.so/rispondere-a-Chiara-Sottile-di-Sanoma-entro-domani-per-dire-quando-possiamo-sentirci-2ea471fc2030802fb43ec4b3d17af31a?pvs=21), Mandare feedback ai file di Chiara Sottile per SanomaF (https://www.notion.so/Mandare-feedback-ai-file-di-Chiara-Sottile-per-SanomaF-2ea471fc20308011a75aeb15b1ec2bb2?pvs=21), Scrivere inserto num.1 per Sanoma [I filosofi di Mileto e i pitagorici] (https://www.notion.so/Scrivere-inserto-num-1-per-Sanoma-I-filosofi-di-Mileto-e-i-pitagorici-2f4471fc203080869c9bcabe7f8ab572?pvs=21), Scrivere inserto num.2 per Sanoma [Eraclito e Parmenide]  (https://www.notion.so/Scrivere-inserto-num-2-per-Sanoma-Eraclito-e-Parmenide-2f8471fc20308062bbcfe2a1fe8a15e5?pvs=21), Scrivere inserto num.3 per Sanoma [I fisici pluralisti]  (https://www.notion.so/Scrivere-inserto-num-3-per-Sanoma-I-fisici-pluralisti-2f8471fc2030803d8b27d187e75e5739?pvs=21), Scrivere inserto num.4 per Sanoma [I sofisti] (https://www.notion.so/Scrivere-inserto-num-4-per-Sanoma-I-sofisti-2f8471fc2030801b81addfeb26775bbf?pvs=21), Scrivere inserto num.5 per Sanoma [Socrate] (https://www.notion.so/Scrivere-inserto-num-5-per-Sanoma-Socrate-2f8471fc203080688478f333f197dc3d?pvs=21), Scrivere inserto num.6 per Sanoma [Platone] (https://www.notion.so/Scrivere-inserto-num-6-per-Sanoma-Platone-2f8471fc2030800291edf8134a8be374?pvs=21), Scrivere inserto num.7 per Sanoma  [Aristotele] (https://www.notion.so/Scrivere-inserto-num-7-per-Sanoma-Aristotele-2f8471fc203080fb8c1aff58ddfa026e?pvs=21), Scrivere inserto num.8 per Sanoma [Scetticismo ed epicureismo] (https://www.notion.so/Scrivere-inserto-num-8-per-Sanoma-Scetticismo-ed-epicureismo-2f8471fc2030806ba285cf08f9fac42a?pvs=21), Scrivere inserto num.9 per Sanoma [Lo stoicismo] (https://www.notion.so/Scrivere-inserto-num-9-per-Sanoma-Lo-stoicismo-2f8471fc20308036884dde006b2a4f47?pvs=21), Scrivere materiali introduttivi a chiusura del volume 1 per Sanoma (https://www.notion.so/Scrivere-materiali-introduttivi-a-chiusura-del-volume-1-per-Sanoma-2f8471fc2030806ea607d78c09d4187a?pvs=21)",
United Network | Riccardo Messina,,Comitati scientifici (https://www.notion.so/Comitati-scientifici-2e1471fc203081cea26dcc7f01e385bf?pvs=21),,,"Fattura per registrazione video United Network (https://www.notion.so/Fattura-per-registrazione-video-United-Network-2f0471fc2030809992abf989deb758fd?pvs=21), II rata a.s. 2025/2026 di United Network (https://www.notion.so/II-rata-a-s-2025-2026-di-United-Network-2fe471fc203080c3ae74f75d11a366ba?pvs=21)","Maura Gancitano, Andrea Colamedici",,,0.625,Massima priorità,"Fissare call con Riccardo Messina per definire in dettaglio il campus di Atene (20/24 aprile)  (https://www.notion.so/Fissare-call-con-Riccardo-Messina-per-definire-in-dettaglio-il-campus-di-Atene-20-24-aprile-23e361b084964897b469599fb4f90949?pvs=21), Finire di registrare 2 video sull'IA per United Network (https://www.notion.so/Finire-di-registrare-2-video-sull-IA-per-United-Network-f1b139ce14d94b129298d06b2aeffb58?pvs=21), Confermare la presenza di Gaia Contu e Esmeralda Moretti come tutor al viaggio ad Atene (se serve, fissa call) (https://www.notion.so/Confermare-la-presenza-di-Gaia-Contu-e-Esmeralda-Moretti-come-tutor-al-viaggio-ad-Atene-se-serve-f-2e6471fc2030807690d9c17385b63f0f?pvs=21), Ricontattare Riccardo Messina per definire dettagli (https://www.notion.so/Ricontattare-Riccardo-Messina-per-definire-dettagli-2e6471fc203080bd9b38e6564aa1b408?pvs=21), New York per United Network (https://www.notion.so/New-York-per-United-Network-2e2471fc2030808a86c6e864c18f0ad1?pvs=21), Confermato con Emiliano Ponzi: fate qualcosa mentre siete a NY? (https://www.notion.so/Confermato-con-Emiliano-Ponzi-fate-qualcosa-mentre-siete-a-NY-2ec471fc203080998210c6f9719db36d?pvs=21), pianificare lavoro format per Campus Atene + quaderno (https://www.notion.so/pianificare-lavoro-format-per-Campus-Atene-quaderno-2fb471fc2030802899f0eaf19195b53e?pvs=21), riunione con United Network per Campus Atene (https://www.notion.so/riunione-con-United-Network-per-Campus-Atene-2fb471fc2030800a8d9ff59747443718?pvs=21)",
recuperare progetto dottorato Andrea,,Personali (https://www.notion.so/Personali-2e1471fc20308194bfbed4f9cc7e95be?pvs=21),,,,,,,,,,
Libro per Marsilio,,Produzione editoriale (https://www.notion.so/Produzione-editoriale-2e1471fc203081b9ad4ecbfb013e29dd?pvs=21),,,,Maura Gancitano,Non definito,,0.5,Massima priorità,"finire di scrivere il libro per Marsilio (https://www.notion.so/finire-di-scrivere-il-libro-per-Marsilio-2e1471fc203081c7bfbec311087de3cb?pvs=21), definire uscite Utet e Marsilio (https://www.notion.so/definire-uscite-Utet-e-Marsilio-2e1471fc203081f79a05e47fa6158734?pvs=21), consegnare 150k battute Marsilio (https://www.notion.so/consegnare-150k-battute-Marsilio-2f9471fc203080a79985d2f03f72360c?pvs=21), riunione Marsilio su nuovo libro (https://www.notion.so/riunione-Marsilio-su-nuovo-libro-2fb471fc2030801585f8e2cc28cde894?pvs=21), Presentazione rete vendita libro Marsilio (https://www.notion.so/Presentazione-rete-vendita-libro-Marsilio-2fb471fc20308017ad5bf6904c70d1f5?pvs=21), scrivere integrazioni cap. 1-2-3 (https://www.notion.so/scrivere-integrazioni-cap-1-2-3-2fc471fc20308018942df1dc8ada2046?pvs=21)",
Spettacolo teatrale su “Liberati della brava bambina”,,Altre produzioni (https://www.notion.so/Altre-produzioni-2e1471fc203081168a4fc4c8217ccd59?pvs=21),,,,,Non definito,,,Bloccato,,
Fondazione Lotus,,Comitati scientifici (https://www.notion.so/Comitati-scientifici-2e1471fc203081cea26dcc7f01e385bf?pvs=21),,,,Maura Gancitano,Non definito,,,Potenziale,,
Collaborazione Unicredit,,Consulenza (https://www.notion.so/Consulenza-2e1471fc203081dab7f2cf032ecd4792?pvs=21),,"September 15, 2025 → November 30, 2025",,"Maura Gancitano, Andrea Colamedici",Non definito,,,Completato,,
"Contributo in volume per IULM Genere e media digitali: corpi, retoriche e piattaforme",,Produzione editoriale (https://www.notion.so/Produzione-editoriale-2e1471fc203081b9ad4ecbfb013e29dd?pvs=21),MariaAngela Polesana (https://www.notion.so/MariaAngela-Polesana-2e9471fc20308048a97bf5c0aa47697b?pvs=21),"April 1, 2026 → May 15, 2026",,Maura Gancitano,,,0,Massima priorità,Scrivere la prefazione del volume IULM (https://www.notion.so/Scrivere-la-prefazione-del-volume-IULM-2e1471fc203081cda1fac8bdce737535?pvs=21),
Congreso Futuro | Cile,,Conferenze (https://www.notion.so/Conferenze-2e1471fc203081cf8d95d5afda0f0370?pvs=21),,"January 12, 2026 → January 17, 2026",,"Maura Gancitano, Andrea Colamedici",,"Andrea Colamedici | Hipnocracia, vivir en el trance de la IA | Congreso Futuro 2026 (https://www.notion.so/Andrea-Colamedici-Hipnocracia-vivir-en-el-trance-de-la-IA-Congreso-Futuro-2026-2ea471fc2030803ea67bef88a4f1c438?pvs=21)",1,Completato,Conferenza in Cile (https://www.notion.so/Conferenza-in-Cile-2e2471fc2030804d9e04dce7bf9baa98?pvs=21),
Comitato scientifico Rizzoli Education,,Comitati scientifici (https://www.notion.so/Comitati-scientifici-2e1471fc203081cea26dcc7f01e385bf?pvs=21),,,,Maura Gancitano,,,0,Massima priorità,Capire che lavoro fare per il Comitato Scientifico di Rizzoli Education (https://www.notion.so/Capire-che-lavoro-fare-per-il-Comitato-Scientifico-di-Rizzoli-Education-1e2513a37df641f2bed02b42e3a5b4d8?pvs=21),
BookClub 2025,,Comunicazione esterna Tlon (https://www.notion.so/Comunicazione-esterna-Tlon-2e1471fc20308154a5abf3c6ea5c291e?pvs=21),,"January 1, 2026 → December 31, 2026",,Maura Gancitano,Interno,,,In corso,,
Articoli per la stampa (richieste spot) 2026,,Produzione editoriale (https://www.notion.so/Produzione-editoriale-2e1471fc203081b9ad4ecbfb013e29dd?pvs=21),,"January 1, 2026 → December 31, 2026",,"Maura Gancitano, Andrea Colamedici",Non definito,,0.5,In corso,"Scrivere articolo Le Carrè Blu (Alessio Dionigi Battistella) (https://www.notion.so/Scrivere-articolo-Le-Carr-Blu-Alessio-Dionigi-Battistella-2e1471fc203081ee97d1f9f4c75851eb?pvs=21), Maura verificare - memoria ufficiale della SAIt (Società Astronomica Italiana) (https://www.notion.so/Maura-verificare-memoria-ufficiale-della-SAIt-Societ-Astronomica-Italiana-2e1471fc20308169affcc91572b7be80?pvs=21), Consegna articolo per L’Espresso (https://www.notion.so/Consegna-articolo-per-L-Espresso-2ef471fc203080cfa8a9fc5155acba83?pvs=21), Articolo Maura per Linus su Bruce Springsteen (https://www.notion.so/Articolo-Maura-per-Linus-su-Bruce-Springsteen-2fd471fc2030802fb87fcdf9b2d6e0ef?pvs=21)",
IMUN Filosofia,,,,,,,,,,,,
Podcast per Renzo Rosso,,Altre produzioni (https://www.notion.so/Altre-produzioni-2e1471fc203081168a4fc4c8217ccd59?pvs=21),,,,Andrea Colamedici,Tlon o entrambi,,,Bloccato,,
"Inviti a conferenze, festival e interviste 2026",,Conferenze (https://www.notion.so/Conferenze-2e1471fc203081cf8d95d5afda0f0370?pvs=21),,"January 1, 2026 → January 1, 2026","UniVerona - Dare forma al sentire: per una pedagogia dell’orientamento socio-emotivo (https://www.notion.so/UniVerona-Dare-forma-al-sentire-per-una-pedagogia-dell-orientamento-socio-emotivo-2ea471fc203080178ef7e4568112daae?pvs=21), Fattura per Incorporea (https://www.notion.so/Fattura-per-Incorporea-2f0471fc20308097931dc805111e085e?pvs=21), Offerta del 21/01/26 per Lezione in presenza Scuola del Design Milano (https://www.notion.so/Offerta-del-21-01-26-per-Lezione-in-presenza-Scuola-del-Design-Milano-2f1471fc203080f18f4ddee410a6965b?pvs=21), Incarico per LUISS (non ancora ricevuto) (https://www.notion.so/Incarico-per-LUISS-non-ancora-ricevuto-2ec471fc203080d0b7bbc9ee746c3055?pvs=21), Gettone per Maura Marca Trevigiana e Belluno Dolomiti | centri di facilitazione (https://www.notion.so/Gettone-per-Maura-Marca-Trevigiana-e-Belluno-Dolomiti-centri-di-facilitazione-2ee471fc20308066b2ffcbace3ff09fb?pvs=21), Gettone per la Radio TV Svizzera (https://www.notion.so/Gettone-per-la-Radio-TV-Svizzera-2ee471fc2030804b92d9fd7946eb7a24?pvs=21), Partecipazione di Maura al Festival Fuori Luogo, Biella (https://www.notion.so/Partecipazione-di-Maura-al-Festival-Fuori-Luogo-Biella-2fe471fc20308093b4c8ff6038615a05?pvs=21), Incarico per Maura - Partecipazione al Festival Cambio Gioco di Padova (https://www.notion.so/Incarico-per-Maura-Partecipazione-al-Festival-Cambio-Gioco-di-Padova-2fe471fc203080db82dbf5c20a07a6a1?pvs=21), Incarico per Maura - Partecipazione al Festival Natura Omnia (VR) (https://www.notion.so/Incarico-per-Maura-Partecipazione-al-Festival-Natura-Omnia-VR-2fe471fc203080d5ac1dd2718f114c3a?pvs=21), Incarico per Filosofarti, partecipazione di Maura (https://www.notion.so/Incarico-per-Filosofarti-partecipazione-di-Maura-2ee471fc20308018ad32cf2e460d7bcd?pvs=21)","Maura Gancitano, Andrea Colamedici",,[RISERVATO] Citazione di Gancitano e Colamedici all'interno del nuovo Magazine di Consorzio Dafne (https://www.notion.so/RISERVATO-Citazione-di-Gancitano-e-Colamedici-all-interno-del-nuovo-Magazine-di-Consorzio-Dafne-2f1471fc203080dea738e0cc838db3c9?pvs=21),0.4016393442622951,In corso,"Preparare serie conferenze: fare elenco conferenze (https://www.notion.so/Preparare-serie-conferenze-fare-elenco-conferenze-2e1471fc203081b38eb5c6680fe1734a?pvs=21), IL FESTIVAL DELLE RAGAZZE invita Maura Gancitano a Bordighera (https://www.notion.so/IL-FESTIVAL-DELLE-RAGAZZE-invita-Maura-Gancitano-a-Bordighera-2e1471fc20308177840be445d1d8bcf4?pvs=21), Festival del Libro e della Lettura XV Edizione_Enna (https://www.notion.so/Festival-del-Libro-e-della-Lettura-XV-Edizione_Enna-2e1471fc2030811c8efbde85fae59d0a?pvs=21), Invito Maura Gancitano e Andrea Colamedici al Festival Culturale ""Parole in circolo"" IV edizione 2026 - Giulianova (TE) (https://www.notion.so/Invito-Maura-Gancitano-e-Andrea-Colamedici-al-Festival-Culturale-Parole-in-circolo-IV-edizione-202-2e1471fc203081cdab54ca3748f5ea95?pvs=21), invito rassegna parole controtempo / Meraviglia / Pieve di Soligo (https://www.notion.so/invito-rassegna-parole-controtempo-Meraviglia-Pieve-di-Soligo-2e1471fc2030813a89cdce8e5ffce6de?pvs=21), Invito Humanamente - Fasano (https://www.notion.so/Invito-Humanamente-Fasano-2e1471fc203081fabcf8c6784c43e26e?pvs=21), invito teatro Camploy Verona (https://www.notion.so/invito-teatro-Camploy-Verona-2e1471fc2030811fa5a5c979494eee31?pvs=21), invito ad intervenire presso UNIVERSITA' DI CAMERINO (https://www.notion.so/invito-ad-intervenire-presso-UNIVERSITA-DI-CAMERINO-2e1471fc2030813abeb0f6be4b918fb8?pvs=21), Invito partecipazione Tade week 2026 (https://www.notion.so/Invito-partecipazione-Tade-week-2026-2e1471fc20308151811ee1803edef5d5?pvs=21), Proposta Da grande Festival (https://www.notion.so/Proposta-Da-grande-Festival-2e1471fc20308103856feb11f5bfecee?pvs=21), Comune Miglionico (https://www.notion.so/Comune-Miglionico-2e1471fc203081d2979edc57d973c990?pvs=21), Proposta Invito Cremona Tlon ""Il tempo per l'infanzia"" Silvia Iaccarino Percorsi formativi 06 (https://www.notion.so/Proposta-Invito-Cremona-Tlon-Il-tempo-per-l-infanzia-Silvia-Iaccarino-Percorsi-formativi-06-2e1471fc2030812a9d69fbae3ccfcb46?pvs=21), Miana Modena: memo per quando usciranno i prossimi libri (https://www.notion.so/Miana-Modena-memo-per-quando-usciranno-i-prossimi-libri-2e1471fc20308142a3e6d7068c8e5bbe?pvs=21), Invito come Speaker in Reale Mutua (https://www.notion.so/Invito-come-Speaker-in-Reale-Mutua-2e1471fc203081bcb9d2e6ccc0aa7c2b?pvs=21), Panel sulle destre autoritarie – Oslo, marzo 2026 (https://www.notion.so/Panel-sulle-destre-autoritarie-Oslo-marzo-2026-2e1471fc2030810186a8c2c6cf33f6ef?pvs=21), invito Konkoly Observatory's seminar series (https://www.notion.so/invito-Konkoly-Observatory-s-seminar-series-2e1471fc2030810b93ddc051725f8b3b?pvs=21), Conferenza sulle culture digitali in accademia a firenze per anno 2024-2025 (Da lorenzo bruni) (https://www.notion.so/Conferenza-sulle-culture-digitali-in-accademia-a-firenze-per-anno-2024-2025-Da-lorenzo-bruni-2e1471fc20308198827ec7eca0a92245?pvs=21), Seminario ""Social Emotional Learning e formazione degli insegnanti (...)"" - 10/12/2025 - TaLC Univr - raccolta dati per Incarico (https://www.notion.so/Seminario-Social-Emotional-Learning-e-formazione-degli-insegnanti-10-12-2025-TaLC-Univr--2e1471fc203081bd8c36cb0823405cc7?pvs=21), Silvia Iaccarino Percorsi formativi 06 (https://www.notion.so/Silvia-Iaccarino-Percorsi-formativi-06-2e1471fc203081cba43ff29591c2d69d?pvs=21), Convention aziendale 3001/2026 | Richiesta informazioni ErgonGroup (https://www.notion.so/Convention-aziendale-3001-2026-Richiesta-informazioni-ErgonGroup-2e1471fc2030812294aee7937f7f302e?pvs=21), Incontatto Info per ingaggio evento formativo in presenza su Milano (https://www.notion.so/Incontatto-Info-per-ingaggio-evento-formativo-in-presenza-su-Milano-2e1471fc203081b8a72ef553cf9c4eb8?pvs=21), aspettare proposta per Acqua Rocchetta per Maura (https://www.notion.so/aspettare-proposta-per-Acqua-Rocchetta-per-Maura-2e1471fc2030819891e0d3d213f5788d?pvs=21), Dead Man's Wire: proposta collaborazione per il nuovo film di Gus Van Sant sull'illusione del sogno americano/capitalismo (https://www.notion.so/Dead-Man-s-Wire-proposta-collaborazione-per-il-nuovo-film-di-Gus-Van-Sant-sull-illusione-del-sogno--2e1471fc203081eb9e26fa31cc48af17?pvs=21), ""InCorporea"" a Nardò (LE) – Modum APS (https://www.notion.so/InCorporea-a-Nard-LE-Modum-APS-2e1471fc203081c9b7ead80833fc119e?pvs=21), Collegamento online per CENTRI DI FACILITAZIONE - Marca Trevigiana e Belluno Dolomiti (https://www.notion.so/Collegamento-online-per-CENTRI-DI-FACILITAZIONE-Marca-Trevigiana-e-Belluno-Dolomiti-2e1471fc20308161bc41dbcb445c810e?pvs=21), MAIL Maura scrivere a Milena Meo (https://www.notion.so/MAIL-Maura-scrivere-a-Milena-Meo-2e1471fc20308126aa7dc55129f6cccb?pvs=21), scrivere progetto fondazione kennedy firenze (https://www.notion.so/scrivere-progetto-fondazione-kennedy-firenze-2e1471fc203081099ebcf925167d40fa?pvs=21), Festival Bocconi - Intelligenza Artificiale (https://www.notion.so/Festival-Bocconi-Intelligenza-Artificiale-2e2471fc203080ecac11d5a00b62162b?pvs=21), Diretta IG cn Gabriele Di Luca (https://www.notion.so/Diretta-IG-cn-Gabriele-Di-Luca-2e2471fc203080c2bf99c7644ce471a2?pvs=21), Tavola rotonda online per Iniziativa Libera e Gruppo Abele (Torino) → Educazione come frontiera intersezionale (https://www.notion.so/Tavola-rotonda-online-per-Iniziativa-Libera-e-Gruppo-Abele-Torino-Educazione-come-frontiera-inte-2e2471fc2030808e91c2d188d1f0c5f2?pvs=21), Podcast Gomitolo Atomico con Massimo Polidoro, registrazione a Milano (https://www.notion.so/Podcast-Gomitolo-Atomico-con-Massimo-Polidoro-registrazione-a-Milano-2e2471fc203080e4974ef0073ae15939?pvs=21), Lezione alla LUISS, Roma → Filosofia dell’intelligenza artificiale (https://www.notion.so/Lezione-alla-LUISS-Roma-Filosofia-dell-intelligenza-artificiale-2e2471fc2030802eada1e177bb1497fd?pvs=21), Corso in Università Cattolica, Milano (online, in attesa di link) (https://www.notion.so/Corso-in-Universit-Cattolica-Milano-online-in-attesa-di-link-2e2471fc20308070aeccd7f67aeb06ce?pvs=21), Trasmissione Radio Svizzera Italiana (https://www.notion.so/Trasmissione-Radio-Svizzera-Italiana-2e2471fc20308023bb1ef956485982fd?pvs=21), Festival Fuori Luogo, Biella (https://www.notion.so/Festival-Fuori-Luogo-Biella-2e2471fc2030801db6bac8ccf815a926?pvs=21), Incontro online con gli astrologi dell’Università di Konkoly (Ungheria) (https://www.notion.so/Incontro-online-con-gli-astrologi-dell-Universit-di-Konkoly-Ungheria-2e2471fc203080789ee9d65b23ffd5cd?pvs=21), Keynote speaker all’Università di Bari [online] (https://www.notion.so/Keynote-speaker-all-Universit-di-Bari-online-2e2471fc20308018bed1d2b2285da9d3?pvs=21), Keynote speaker al Politecnico (https://www.notion.so/Keynote-speaker-al-Politecnico-2e2471fc20308019922ed6a46a746c66?pvs=21), Incontro con le scuole per Filosofarti, provincia di Milano (al mattino) (https://www.notion.so/Incontro-con-le-scuole-per-Filosofarti-provincia-di-Milano-al-mattino-2e2471fc2030803bb55ed359219bdacf?pvs=21), Oslo (https://www.notion.so/Oslo-2e2471fc2030807f822dd441da30cb51?pvs=21), Collegamento online con Conferenza Parix di Madrid (al mattino) (https://www.notion.so/Collegamento-online-con-Conferenza-Parix-di-Madrid-al-mattino-2e2471fc20308022b924fdd7109f74aa?pvs=21), Convegno al Vaticano sull’Intelligenza Artificiale (https://www.notion.so/Convegno-al-Vaticano-sull-Intelligenza-Artificiale-2e2471fc203080b1bc49d481ab501d4f?pvs=21), [TBC] Incontro al Caffè Letterario di Lugo (da confermare o riprogrammare) (https://www.notion.so/TBC-Incontro-al-Caff-Letterario-di-Lugo-da-confermare-o-riprogrammare-2e2471fc203080a7a2a1d506bc97e489?pvs=21), Natura Omnia, Verona, con Cristina Donà (https://www.notion.so/Natura-Omnia-Verona-con-Cristina-Don-2e2471fc203080829e31c9c0103e0dcd?pvs=21), Festival del Giornalismo Europeo, Firenze (https://www.notion.so/Festival-del-Giornalismo-Europeo-Firenze-2e2471fc203080d3ad63f2b5ef535ff3?pvs=21), Festival Cambio Gioco, Padova (https://www.notion.so/Festival-Cambio-Gioco-Padova-2e2471fc203080688667ffa726f7497f?pvs=21), Call con Ursula Tenorio Cabrera (h10.30)→ Chiedere conferma per la mostra a Barcellona del 30/04 (perché blocca un invito a Maura)  (https://www.notion.so/Call-con-Ursula-Tenorio-Cabrera-h10-30-Chiedere-conferma-per-la-mostra-a-Barcellona-del-30-04-pe-2e6471fc2030803c9618e32c7b1e3e18?pvs=21), Samantha Di Laura → invito a un’intervista sul futuro del passaggio generazionale nelle PMI italiane (https://www.notion.so/Samantha-Di-Laura-invito-a-un-intervista-sul-futuro-del-passaggio-generazionale-nelle-PMI-italiane-2e6471fc203080759d97e4e71ced5d68?pvs=21), Ricalendarizzare Caffè Letterario di Lugo - proporre nuova data (https://www.notion.so/Ricalendarizzare-Caff-Letterario-di-Lugo-proporre-nuova-data-2e7471fc20308017a0d3f654559a014f?pvs=21), organizzazione logistica Maura 28 gennaio per podcast Polidoro a Milano (https://www.notion.so/organizzazione-logistica-Maura-28-gennaio-per-podcast-Polidoro-a-Milano-2e6471fc203080ce8accd4932a6d0631?pvs=21), rispondere a Richiesta intervista - Corso di Laurea in “Gender studies, culture e politiche per i media e la comunicazione” (domande su mail info da Claudia Solinas) (https://www.notion.so/rispondere-a-Richiesta-intervista-Corso-di-Laurea-in-Gender-studies-culture-e-politiche-per-i-me-2e7471fc203080f0a17fd963c2503528?pvs=21), Progetto Gutenberg Calabria (https://www.notion.so/Progetto-Gutenberg-Calabria-2e9471fc20308017bbdeec7199c87742?pvs=21), Scomodo x Greenpeace - Proposta di collaborazione rubrica ""Senza Parole"" su cartaceo e online (https://www.notion.so/Scomodo-x-Greenpeace-Proposta-di-collaborazione-rubrica-Senza-Parole-su-cartaceo-e-online-2e6471fc203080e899c2e888b1933eb1?pvs=21), Elaborare titolo ed abstract per @Panel sulle destre autoritarie – Oslo, marzo 2026  (https://www.notion.so/Elaborare-titolo-ed-abstract-per-2e9471fc203080c2ae7fc4753df5efc1?pvs=21), Caritas di Treviso e GiaveraFestival (https://www.notion.so/Caritas-di-Treviso-e-GiaveraFestival-2e9471fc20308065b41ad9f36ab11874?pvs=21), Valutazione proposta di Fondazione Libellula, prima di passare a Letizia  (https://www.notion.so/Valutazione-proposta-di-Fondazione-Libellula-prima-di-passare-a-Letizia-2ea471fc2030804a81f8c4bc93efe500?pvs=21), Fondazione Culturale PD - Partecipazione di Maura (https://www.notion.so/Fondazione-Culturale-PD-Partecipazione-di-Maura-2ea471fc20308086ae8ece031d2aeced?pvs=21), Da Digitouch - ""Next Gen"" dedicata agli ""investitori del futuro” (https://www.notion.so/Da-Digitouch-Next-Gen-dedicata-agli-investitori-del-futuro-2ea471fc203080189feaff9c87af2840?pvs=21), Mandare bio a Voices 2026 Florence (Richiesta di biografia e foto per Voices 2026 Firenze) (https://www.notion.so/Mandare-bio-a-Voices-2026-Florence-Richiesta-di-biografia-e-foto-per-Voices-2026-Firenze-2ea471fc203080db9099dfe0ab341e36?pvs=21), IoResisto 2025 (https://www.notion.so/IoResisto-2025-2ea471fc203080b4be9dde8582a758bb?pvs=21), Proposta per Rame da Annalisa Monfreda (https://www.notion.so/Proposta-per-Rame-da-Annalisa-Monfreda-2ea471fc203080babc30f32f1aedac5e?pvs=21), INVITO AL PROGETTO “RE-DESIGN DEMOCRACIES”  (https://www.notion.so/INVITO-AL-PROGETTO-RE-DESIGN-DEMOCRACIES-2ea471fc2030805c8307e10c6a71a15e?pvs=21), Proposta di collaborazione per RUFA Contest dei Licei – Cultura del Consenso (https://www.notion.so/Proposta-di-collaborazione-per-RUFA-Contest-dei-Licei-Cultura-del-Consenso-2ea471fc203080a8aa58fcad58e2317b?pvs=21), Lezione annuale al Politecnico, Brand of Me 2026 - Scuola del Design | Politecnico di Milano (https://www.notion.so/Lezione-annuale-al-Politecnico-Brand-of-Me-2026-Scuola-del-Design-Politecnico-di-Milano-2ea471fc203080ccbc54d3778d46fedf?pvs=21), Biennale Tecnologia di Torino (18 aprile) - In attesa di conferma che evento sia davvero online (https://www.notion.so/Biennale-Tecnologia-di-Torino-18-aprile-In-attesa-di-conferma-che-evento-sia-davvero-online-2ea471fc203080a29131d4abf54d3dd5?pvs=21), Tlon x Casa Libera Podcast  (https://www.notion.so/Tlon-x-Casa-Libera-Podcast-2ea471fc20308092930ce9a8360f7643?pvs=21), Sentire LUISS per @Lezione alla LUISS, Roma → Filosofia dell’intelligenza artificiale (chiedi incarico e compenso) (https://www.notion.so/Sentire-LUISS-per-chiedi-incarico-e-compenso-2ec471fc20308000b5f4c095bf52fc2c?pvs=21), Parlare con quelli di Voices per impostare il dibattito con Xun  (https://www.notion.so/Parlare-con-quelli-di-Voices-per-impostare-il-dibattito-con-Xun-2ec471fc203080aebfd6ea5bc7978270?pvs=21), Intervista per Quasar, programma Rai2 per Andrea (https://www.notion.so/Intervista-per-Quasar-programma-Rai2-per-Andrea-2ec471fc20308024bee5eaf3317f9699?pvs=21), proposta incontro Sorrentino-Servillo per PuntoeVirgola La Grazia (https://www.notion.so/proposta-incontro-Sorrentino-Servillo-per-PuntoeVirgola-La-Grazia-2e1471fc20308105a306cf3fa7e67bd2?pvs=21), Collegamento Agorà (https://www.notion.so/Collegamento-Agor-2ec471fc203080b7a2a7e68ddb964bb7?pvs=21), Libreria Il Viale, per Comune di Vittorio Veneto, per Festival del lavoro Works (https://www.notion.so/Libreria-Il-Viale-per-Comune-di-Vittorio-Veneto-per-Festival-del-lavoro-Works-2ed471fc203080199ed9fbd4cc360a19?pvs=21), Da Prof. Giacomo Fronzi, insegna Estetica all’Uni. Bari → Vi presenta il suo nuovo libro e vorrebbe discuterne con voi (https://www.notion.so/Da-Prof-Giacomo-Fronzi-insegna-Estetica-all-Uni-Bari-Vi-presenta-il-suo-nuovo-libro-e-vorrebbe--2ed471fc2030800eba14caf58237a22b?pvs=21), Agenzia Community per TCL Italia (https://www.notion.so/Agenzia-Community-per-TCL-Italia-2ed471fc2030802faea4fea7fde6c68c?pvs=21), Presentazione nuovi libri al Caffè Letterario di Lugo (https://www.notion.so/Presentazione-nuovi-libri-al-Caff-Letterario-di-Lugo-2ee471fc20308077a87ec16d78789591?pvs=21), Proposta di docenza per il Master ""DE&I dalla teoria alla pratica"" de Il Sole 24 ore (https://www.notion.so/Proposta-di-docenza-per-il-Master-DE-I-dalla-teoria-alla-pratica-de-Il-Sole-24-ore-2e1471fc2030813897e4c96182088b3e?pvs=21), proposta Lamborghini newsletter (https://www.notion.so/proposta-Lamborghini-newsletter-2e1471fc203081be900af437980246b3?pvs=21), Consegna paper per l’Università di Trento su Divinità e AI (https://www.notion.so/Consegna-paper-per-l-Universit-di-Trento-su-Divinit-e-AI-2ef471fc20308012805beb97e0ec7037?pvs=21), Discorso sulla Meraviglia@ BAMcircus (https://www.notion.so/Discorso-sulla-Meraviglia-BAMcircus-2ef471fc20308011b2e6f750d501fb23?pvs=21), Intervista telefonica da Fondazione Seragnoli (dettagli in calendario) (https://www.notion.so/Intervista-telefonica-da-Fondazione-Seragnoli-dettagli-in-calendario-2ef471fc203080bea41edf2bd5afa950?pvs=21), Milano Pride Square 2026 (https://www.notion.so/Milano-Pride-Square-2026-2ef471fc2030802c9a95caf272eda7a0?pvs=21), ""Sconfinate - Festival multidisciplinare della creatività e dei saperi delle donne"" da Viola Bufano (https://www.notion.so/Sconfinate-Festival-multidisciplinare-della-creativit-e-dei-saperi-delle-donne-da-Viola-Bufano-2ef471fc203080e3b9aed6848fbf49de?pvs=21), Inviare a Lorenzo Bruni bio, titolo intervento, immagine e una tua foto per @Conferenza sulle culture digitali in accademia a firenze per anno 2024-2025 (Da lorenzo bruni)  (https://www.notion.so/Inviare-a-Lorenzo-Bruni-bio-titolo-intervento-immagine-e-una-tua-foto-per-2ef471fc20308098a393ee614d0e84c7?pvs=21), Wellbeing al lavoro in AXA Assicurazioni (https://www.notion.so/Wellbeing-al-lavoro-in-AXA-Assicurazioni-2f1471fc203080f0b6e8d1e9333d87ab?pvs=21), Gestire l’impegno per @Keynote speaker all’Università di Bari [online] : prima o seconda giornata? Online o in presenza? (https://www.notion.so/Gestire-l-impegno-per-prima-o-seconda-giornata-Online-o-in-presenza-2f1471fc203080b9ad6de8999b3d73cd?pvs=21), Webinar per International Women’s Day | Cartier Richemont Italia Holding S.p.A. (https://www.notion.so/Webinar-per-International-Women-s-Day-Cartier-Richemont-Italia-Holding-S-p-A-2f4471fc203080d78fdefb6772342672?pvs=21), Maura da Casa Italia (Saxa Rubra) (https://www.notion.so/Maura-da-Casa-Italia-Saxa-Rubra-2f4471fc203080d2965eccf4b5cace2b?pvs=21), intervento Conferenza ICF Italia Ottobre 2026 (https://www.notion.so/intervento-Conferenza-ICF-Italia-Ottobre-2026-2f5471fc20308015b258ee52481759fa?pvs=21), Family Day aziendale per Andrea, richiesta da Agenzia Kore (https://www.notion.so/Family-Day-aziendale-per-Andrea-richiesta-da-Agenzia-Kore-2f6471fc203080a49764f4d788b437b4?pvs=21), Partecipazione di Maura a Milano per presentazione rapporto Censis-Eudaimon (https://www.notion.so/Partecipazione-di-Maura-a-Milano-per-presentazione-rapporto-Censis-Eudaimon-2f6471fc2030806ebb4cc2ac8588ac73?pvs=21), Inviti da Harper Collins (https://www.notion.so/Inviti-da-Harper-Collins-2f6471fc203080d6bad1f1a0f637af6e?pvs=21), Inviare materiali a Mattia Schieppati a corredo intervista Maura/Fondazione Seragnoli (https://www.notion.so/Inviare-materiali-a-Mattia-Schieppati-a-corredo-intervista-Maura-Fondazione-Seragnoli-2f6471fc2030802f81e0f306ac74fff1?pvs=21), Festival della Filosofia al Femminile dall’8 al 10 maggio 2026 presso la Casa del Municipio IV Ipazia di Alessandria (https://www.notion.so/Festival-della-Filosofia-al-Femminile-dall-8-al-10-maggio-2026-presso-la-Casa-del-Municipio-IV-Ipazi-2f6471fc2030809597c0cbe63fcfe18c?pvs=21), Giornata Innovazione 2026 (Ospedale Italiano Buenos Aires) (https://www.notion.so/Giornata-Innovazione-2026-Ospedale-Italiano-Buenos-Aires-2f6471fc203080db9a40ccb929f919a0?pvs=21), Evento Eudaimon 5 marzo - Ingaggio speaker (https://www.notion.so/Evento-Eudaimon-5-marzo-Ingaggio-speaker-2f6471fc2030808a89badc1e1643868a?pvs=21), collaborazione con Dargen D’Amico e Corriere della Sera (https://www.notion.so/collaborazione-con-Dargen-D-Amico-e-Corriere-della-Sera-2f6471fc20308086b7edcdc786056707?pvs=21), Intervista per Grazia (https://www.notion.so/Intervista-per-Grazia-2f7471fc20308036b975f4ae1db0eeb7?pvs=21), Intervista per Cronista (https://www.notion.so/Intervista-per-Cronista-2f7471fc2030808b9011e3a8af033bc4?pvs=21), Intervento a L’Aria che tira (https://www.notion.so/Intervento-a-L-Aria-che-tira-2f7471fc203080389063ff8beb885a7e?pvs=21), Donatella Della Ratta (John Cabot) vi invita a un evento e vuole parlare con voi (https://www.notion.so/Donatella-Della-Ratta-John-Cabot-vi-invita-a-un-evento-e-vuole-parlare-con-voi-2f8471fc2030806695deeed612121ea1?pvs=21), Per Filosofarti, scrivere titolo e abstract (dettagli in pagina) (https://www.notion.so/Per-Filosofarti-scrivere-titolo-e-abstract-dettagli-in-pagina-2f8471fc203080d1ad16cf34c22b9005?pvs=21), invito BOTANICA DELLA MERAVIGLIA AL FESTIVAL DEL VERDE E DEL PAESAGGIO (ROMA) (https://www.notion.so/invito-BOTANICA-DELLA-MERAVIGLIA-AL-FESTIVAL-DEL-VERDE-E-DEL-PAESAGGIO-ROMA-2f8471fc20308032b241ed4b9f0a19e3?pvs=21), invito podcast Rame da Monfreda (https://www.notion.so/invito-podcast-Rame-da-Monfreda-2fb471fc2030800ba29ccab952890ef6?pvs=21), proposta evento Metropopolare per Maura (https://www.notion.so/proposta-evento-Metropopolare-per-Maura-2fb471fc203080cf8935e41916337f44?pvs=21), Proposta Unconference di LaFabbrica a Torino per Maura (https://www.notion.so/Proposta-Unconference-di-LaFabbrica-a-Torino-per-Maura-2fb471fc20308034aae9fc24fb32a0a4?pvs=21), preparare lezione corso Cattolica (https://www.notion.so/preparare-lezione-corso-Cattolica-2fb471fc20308012ad32d9ce1800a89d?pvs=21), intervista ragazzi dello IED (https://www.notion.so/intervista-ragazzi-dello-IED-2fb471fc203080cda336f6cc8dffbb9a?pvs=21), invito festival a Tutto volume Ragusa (https://www.notion.so/invito-festival-a-Tutto-volume-Ragusa-2fc471fc2030806aa039d3407beaf8cd?pvs=21), invito Taobuk (Maura) (https://www.notion.so/invito-Taobuk-Maura-2fc471fc20308098b3c3e10d8f4c3ae9?pvs=21), invito Festival Santa Maria Maggiore di Bruno Gambarotta (https://www.notion.so/invito-Festival-Santa-Maria-Maggiore-di-Bruno-Gambarotta-2fc471fc203080d781ece7afb0f8710f?pvs=21), invito festival Produzioni Ininterrotte 2026 (https://www.notion.so/invito-festival-Produzioni-Ininterrotte-2026-2fd471fc2030805ea7d9de8a47f5f5ce?pvs=21), Incontro letterario per Maura - Biblioteca regionale Bruno Salvadori di Aosta (https://www.notion.so/Incontro-letterario-per-Maura-Biblioteca-regionale-Bruno-Salvadori-di-Aosta-2fd471fc2030806fa507e911cd4d2f4c?pvs=21), Biblioteca regionale Bruno Salvadori di Aosta (https://www.notion.so/Biblioteca-regionale-Bruno-Salvadori-di-Aosta-2fd471fc203080e4820dcbee44af9d8b?pvs=21), Proposta intervento ad evento FERPI a Fotografia Europea 2026 - giovedì 28 maggio, Reggio Emilia (https://www.notion.so/Proposta-intervento-ad-evento-FERPI-a-Fotografia-Europea-2026-gioved-28-maggio-Reggio-Emilia-2fd471fc2030807a86e0e613fa2bdc15?pvs=21), Intervista per l’Eco di Biella (https://www.notion.so/Intervista-per-l-Eco-di-Biella-2fd471fc203080c0944df6b084ede3bc?pvs=21), confermare data conferenza da Querini Stampalia (https://www.notion.so/confermare-data-conferenza-da-Querini-Stampalia-2fd471fc203080ff99dbed839bff0ebc?pvs=21), Scrivere didascalia per Autismo Risorse e Sviluppo ARES – 30mo - Mostra Fotografica – Catalogo  (https://www.notion.so/Scrivere-didascalia-per-Autismo-Risorse-e-Sviluppo-ARES-30mo-Mostra-Fotografica-Catalogo-2fb471fc203080c68662dc8f5801d563?pvs=21), registrazione video con Dargen D’Amico (https://www.notion.so/registrazione-video-con-Dargen-D-Amico-2fe471fc2030808d96f4f31c233a0a65?pvs=21), definire logistica Oslo (https://www.notion.so/definire-logistica-Oslo-2fe471fc203080d5aebcec25c57cf384?pvs=21), mandare abstract a Konkoly per conferenza (https://www.notion.so/mandare-abstract-a-Konkoly-per-conferenza-2fe471fc203080a18798de33db9272d2?pvs=21), Maura ospite televisiva da Restart (Rai3) (https://www.notion.so/Maura-ospite-televisiva-da-Restart-Rai3-2fe471fc20308043844fd5bcd5984637?pvs=21), preparare conferenza di Konkoly (in inglese) (https://www.notion.so/preparare-conferenza-di-Konkoly-in-inglese-2fe471fc203080309324c0154db29f7e?pvs=21)",
"Rubrica settimanale Vanity Fair ",,Produzione editoriale (https://www.notion.so/Produzione-editoriale-2e1471fc203081b9ad4ecbfb013e29dd?pvs=21),,,Diritti di gennaio di Vanity Fair (https://www.notion.so/Diritti-di-gennaio-di-Vanity-Fair-2fe471fc20308091bfadce399f93c678?pvs=21),"Andrea Colamedici, Maura Gancitano",Non definito,,0.75,Massima priorità,"Scrivere rubrica Vanity Fair della settimana @January 12, 2026  (https://www.notion.so/Scrivere-rubrica-Vanity-Fair-della-settimana-2e5471fc203081d8ba84e849ebb73a5a?pvs=21), Scrivere rubrica Vanity Fair della settimana @January 22, 2026  (https://www.notion.so/Scrivere-rubrica-Vanity-Fair-della-settimana-2ec471fc203081068f90d57fad8a246d?pvs=21), Scrivere rubrica Vanity Fair della settimana @Last Thursday  (https://www.notion.so/Scrivere-rubrica-Vanity-Fair-della-settimana-2f7471fc203081969c60d67606feed32?pvs=21), Scrivere rubrica Vanity Fair della settimana - Scade: @Sunday  (https://www.notion.so/Scrivere-rubrica-Vanity-Fair-della-settimana-Scade-2fe471fc2030815988bac5aae2587d06?pvs=21)",
verificare uscita volume D Scuola,,Produzione editoriale (https://www.notion.so/Produzione-editoriale-2e1471fc203081b9ad4ecbfb013e29dd?pvs=21),,,,,,,,,,
Master Giornalismo,,Docenze (https://www.notion.so/Docenze-2e1471fc20308151b660fcaa40a96930?pvs=21),,,,Andrea Colamedici,Non definito,,,Completato,,
oscar mondadori,,Produzione editoriale (https://www.notion.so/Produzione-editoriale-2e1471fc203081b9ad4ecbfb013e29dd?pvs=21),,,,,,,1,,sbloccare pagamento audiolibro Einaudi (https://www.notion.so/sbloccare-pagamento-audiolibro-Einaudi-2e1471fc2030814a9912ebc96a3513e2?pvs=21),
traduzioni Botanica in Francia e Spagna,,Produzione editoriale (https://www.notion.so/Produzione-editoriale-2e1471fc203081b9ad4ecbfb013e29dd?pvs=21),,,,,,,,,,
Festival del Pensare Contemporaneo 2026,,Big event (https://www.notion.so/Big-event-2e1471fc20308103b89ae2ac074632df?pvs=21),,"October 1, 2025 → September 20, 2026",Finanziamento della Fondazione PC e Vigevano per Festival Pensare Contemporaneo 2026 (https://www.notion.so/Finanziamento-della-Fondazione-PC-e-Vigevano-per-Festival-Pensare-Contemporaneo-2026-2fe471fc203080768b6cdc5e0ebbbbbb?pvs=21),"Maura Gancitano, Andrea Colamedici",Non definito,,0.5,Massima priorità,"Incontro/call con Fusacchia per prima cernita ospiti 2026 (da @Congreso Futuro | Cile) (https://www.notion.so/Incontro-call-con-Fusacchia-per-prima-cernita-ospiti-2026-da-7ea3916a36274cb0bd812995f3a0cf36?pvs=21), inviare file mansioni Tlon per Festival Pensare Contemporaneo (https://www.notion.so/inviare-file-mansioni-Tlon-per-Festival-Pensare-Contemporaneo-2fe471fc203080e9ae97e44b61c87dd9?pvs=21)","Giulia Boero, Seg. Organizzativa Fond.PCVig, Team Social Tlon"
Amministrazione Tlon,,Amministrazione Tlon (https://www.notion.so/Amministrazione-Tlon-2e1471fc2030810781c7d5d94354ea54?pvs=21),,,,"Maura Gancitano, Andrea Colamedici",Interno,,0.6444444444444445,Massima priorità,"gestione cambio amministratore, emolumento, TFM, camera di commercio (https://www.notion.so/gestione-cambio-amministratore-emolumento-TFM-camera-di-commercio-2e1471fc20308126987ffab9643053fe?pvs=21), mandare a Luisa entrate dicembre Tlon srl (https://www.notion.so/mandare-a-Luisa-entrate-dicembre-Tlon-srl-2e1471fc2030819e829ef0873deca151?pvs=21), Sottoscrivere assicurazione welfare aziendale dipendenti (https://www.notion.so/Sottoscrivere-assicurazione-welfare-aziendale-dipendenti-2e1471fc203081cda535f435d6ba5671?pvs=21), [Senti Nicola] rifare iscrizione Aria (https://www.notion.so/Senti-Nicola-rifare-iscrizione-Aria-2e1471fc203081b08c06d7dc0de76e6b?pvs=21), fare assicurazione eventi catastrofali (https://www.notion.so/fare-assicurazione-eventi-catastrofali-2e1471fc203081228466c2f8237c6580?pvs=21), scaricare quietanza Buzzi (https://www.notion.so/scaricare-quietanza-Buzzi-2e1471fc203081d68e82d38f2ee52bd7?pvs=21), chiedere fattura Isolabella (https://www.notion.so/chiedere-fattura-Isolabella-2e1471fc203081459956ebb6c19b523e?pvs=21), sistemare contabilità personale (https://www.notion.so/sistemare-contabilit-personale-2e1471fc20308196888bc13d1a7443cc?pvs=21), farsi rimborsare biglietto treno + taxi da Moira (https://www.notion.so/farsi-rimborsare-biglietto-treno-taxi-da-Moira-2e1471fc203081169d92fc130a3a2d60?pvs=21), fare donazione liberale a Plurals (https://www.notion.so/fare-donazione-liberale-a-Plurals-2e1471fc203081b584f7e239c74bb9ed?pvs=21), Perfezionare, sistemare e rilanciare condizione Edizioni Tlon (https://www.notion.so/Perfezionare-sistemare-e-rilanciare-condizione-Edizioni-Tlon-2e1471fc20308111a587eb9cb7d5369a?pvs=21), Finire lavoro sistemazione con Luisa 2025 - Tlon srl, Andrea, Maura (https://www.notion.so/Finire-lavoro-sistemazione-con-Luisa-2025-Tlon-srl-Andrea-Maura-1eaf738cd90a465db2c00f068f812e87?pvs=21), Controllare regolarmente pec della società (https://www.notion.so/Controllare-regolarmente-pec-della-societ-6757e15e59c5450f9990f62dfc8e7a22?pvs=21), Fare assicurazione catastrofi obbligatoria unità locale (https://www.notion.so/Fare-assicurazione-catastrofi-obbligatoria-unit-locale-0aacda72e5bf401d9a9803c090aee8f2?pvs=21), Verificare dati di contatto dominio Glast (https://www.notion.so/Verificare-dati-di-contatto-dominio-Glast-2e1471fc203081c186c9c5cd048ae703?pvs=21), Scritto a commercialista per info su fatture 2025/2026 (https://www.notion.so/Scritto-a-commercialista-per-info-su-fatture-2025-2026-b70a90397c604f6d8d1247b3ef8cac56?pvs=21), Call con Loredana (collaboratrice della commercialista Fozzi) (https://www.notion.so/Call-con-Loredana-collaboratrice-della-commercialista-Fozzi-c29d7b9c51ba427985cbe8e4830043d6?pvs=21), Scrivere a Intesa per chiedere estratto conto ottobre-dicembre 2025 (conto personale cointestato) (https://www.notion.so/Scrivere-a-Intesa-per-chiedere-estratto-conto-ottobre-dicembre-2025-conto-personale-cointestato-2e7471fc2030803eae2df3d570032a40?pvs=21), Contattare Luisa per chiarimenti su diverse cose dell’amministrazione (https://www.notion.so/Contattare-Luisa-per-chiarimenti-su-diverse-cose-dell-amministrazione-2e7471fc20308083b3d7e8c60d3bf2d8?pvs=21), [Nicola] Inviare i libri sociali alla commercialista (https://www.notion.so/Nicola-Inviare-i-libri-sociali-alla-commercialista-2e7471fc203080c2a6bff14d5be3c542?pvs=21), Sollecitare Villa Ada (https://www.notion.so/Sollecitare-Villa-Ada-2e1471fc203081da8cdbe9c28d5d91c6?pvs=21), Inviare movimenti della carta Nexi Andrea (https://www.notion.so/Inviare-movimenti-della-carta-Nexi-Andrea-2e7471fc2030806a8850cf8162c29e81?pvs=21), Chiarire notula e fattura RedJoint (Luisa e Agnese) (https://www.notion.so/Chiarire-notula-e-fattura-RedJoint-Luisa-e-Agnese-2e7471fc20308052883ac51878324545?pvs=21), Provare a recuperare tutti i pezzi da discutere con la commercialista (https://www.notion.so/Provare-a-recuperare-tutti-i-pezzi-da-discutere-con-la-commercialista-2e7471fc2030809ea54ace4fae76b874?pvs=21), Capire come funziona per le notule: chi le fa? Come organizziamo il flusso? (https://www.notion.so/Capire-come-funziona-per-le-notule-chi-le-fa-Come-organizziamo-il-flusso-2ea471fc20308096af2cf92a36292c88?pvs=21), Pluribus | rispondere a philosophie magazine per notula articolo (https://www.notion.so/Pluribus-rispondere-a-philosophie-magazine-per-notula-articolo-2e7471fc203080599d37ff781e106e71?pvs=21), controllo pec tlonsrl una volta a settimana (https://www.notion.so/controllo-pec-tlonsrl-una-volta-a-settimana-2ed471fc2030806daa9fdbd20fa15361?pvs=21), Informarsi su imprese culturali e creative (https://www.notion.so/Informarsi-su-imprese-culturali-e-creative-2ef471fc203080149792ff9a66a4c134?pvs=21), registrare account Google Adsense (https://www.notion.so/registrare-account-Google-Adsense-2f0471fc2030801a96cbf199760c648f?pvs=21), segnalare accredito Aboca a SosiaPistoia (https://www.notion.so/segnalare-accredito-Aboca-a-SosiaPistoia-2f1471fc2030800c9febed831dcbf76d?pvs=21), emettere nota di credito e nuova fattura Unicredit (https://www.notion.so/emettere-nota-di-credito-e-nuova-fattura-Unicredit-2f1471fc20308022b0cbdb5d83792d88?pvs=21), compilare file fatturazione 2026 per studio Fozzi (https://www.notion.so/compilare-file-fatturazione-2026-per-studio-Fozzi-2f1471fc203080828e3acb2c09d1ce1c?pvs=21), verificare superamento soglie fiscali Stripe (https://www.notion.so/verificare-superamento-soglie-fiscali-Stripe-2f1471fc203080b1a032ff47c4720faf?pvs=21), attendere verifica fatture 2025 e 2026 studio Fozzi (https://www.notion.so/attendere-verifica-fatture-2025-e-2026-studio-Fozzi-2f3471fc2030803e84e9c5bf4bf8c06e?pvs=21), Controllo pec Tlon srl settimanale @Last Monday  (https://www.notion.so/Controllo-pec-Tlon-srl-settimanale-2f3471fc2030813db90ccaf0fbcd0bdf?pvs=21), [Nicola] Censimento per operare sul conto di Tlon srl per studio Fozzi (https://www.notion.so/Nicola-Censimento-per-operare-sul-conto-di-Tlon-srl-per-studio-Fozzi-2ef471fc203080fdafc8dc8b3663204f?pvs=21), Controllo pec Tlon srl settimanale @Monday (https://www.notion.so/Controllo-pec-Tlon-srl-settimanale-2fa471fc20308194ab08ec3521faaa3e?pvs=21), controllare invito Il Politecnico su Aria (https://www.notion.so/controllare-invito-Il-Politecnico-su-Aria-2fa471fc203080fab68dd6ba50225498?pvs=21), controllare portale Aria per verificare invito Politecnico (https://www.notion.so/controllare-portale-Aria-per-verificare-invito-Politecnico-2fb471fc20308006bebecbb6e039f513?pvs=21), verificare pagamenti canale YouTube (https://www.notion.so/verificare-pagamenti-canale-YouTube-2fb471fc203080daab1beff8c7c31375?pvs=21), preparare documenti per deposito del marchio (https://www.notion.so/preparare-documenti-per-deposito-del-marchio-2fd471fc203080c5b248f29c29fc3688?pvs=21), Call Chiara<>commercialista per prendere in mano la gestione amministrativa (https://www.notion.so/Call-Chiara-commercialista-per-prendere-in-mano-la-gestione-amministrativa-2fd471fc203080fd8a16db4d082e2f5c?pvs=21), aspettiamo risposta su rimborsi spese, cedole e compensi da studio Fozzi (https://www.notion.so/aspettiamo-risposta-su-rimborsi-spese-cedole-e-compensi-da-studio-Fozzi-2fd471fc203080c08b52c885d50c83cd?pvs=21), inviare (e spedire per posta) notula per conferenza Accademia di belle arti (https://www.notion.so/inviare-e-spedire-per-posta-notula-per-conferenza-Accademia-di-belle-arti-2fd471fc20308006a0bce3eb9d4b140c?pvs=21), compilare anagrafica e firmare documenti per LUISS per contratto docenza (https://www.notion.so/compilare-anagrafica-e-firmare-documenti-per-LUISS-per-contratto-docenza-2fe471fc20308021aad3f87822d6694e?pvs=21)",Team Casa Editrice
Andrea podcast citazioni,,Altre produzioni (https://www.notion.so/Altre-produzioni-2e1471fc203081168a4fc4c8217ccd59?pvs=21),,,,,,,,,,
Università,,,,"September 1, 2025 → November 30, 2025",,Maura Gancitano,Non definito,,,Completato,,
Corso Università di Buenos Aires a distanza,,Docenze (https://www.notion.so/Docenze-2e1471fc20308151b660fcaa40a96930?pvs=21),,,,Andrea Colamedici,Non definito,,,Completato,,
Libro DeAgostini,,Produzione editoriale (https://www.notion.so/Produzione-editoriale-2e1471fc203081b9ad4ecbfb013e29dd?pvs=21),,"February 1, 2026 → September 30, 2026",,Maura Gancitano,,,1,In corso,Controlla scadenza di consegna DeAgostini e aggiorna progetto @Libro DeAgostini  (https://www.notion.so/Controlla-scadenza-di-consegna-DeAgostini-e-aggiorna-progetto-2f0471fc203080ce9a6fee19a4b30b82?pvs=21),
Libro HarperCollins,,Produzione editoriale (https://www.notion.so/Produzione-editoriale-2e1471fc203081b9ad4ecbfb013e29dd?pvs=21),,,,Maura Gancitano,Non definito,,,Bloccato,,
GLAST,,Big event (https://www.notion.so/Big-event-2e1471fc20308103b89ae2ac074632df?pvs=21),,,,Maura Gancitano,,,0,Massima priorità,"sviluppare idea definitiva di GLAST (https://www.notion.so/sviluppare-idea-definitiva-di-GLAST-2e1471fc2030814db5b7f876aa6877e8?pvs=21), Verificare dati di contatto dominio Glast (https://www.notion.so/Verificare-dati-di-contatto-dominio-Glast-2e1471fc203081c186c9c5cd048ae703?pvs=21), Capire se sviluppare GLAST con Danilo Simoni o no (https://www.notion.so/Capire-se-sviluppare-GLAST-con-Danilo-Simoni-o-no-44eb12cebdc847f2b5e54577c066ae0f?pvs=21), Iniziare a cercare finanziamenti per GLAST (https://www.notion.so/Iniziare-a-cercare-finanziamenti-per-GLAST-33818e60e2b44a328b6ecb841ebdd9a6?pvs=21), Rivedere Business Plan progetto GLAST (https://www.notion.so/Rivedere-Business-Plan-progetto-GLAST-2f4471fc2030807baf41d9998fabde19?pvs=21)",
Fondazione WOW | Palazzo Nardini,,Comitati scientifici (https://www.notion.so/Comitati-scientifici-2e1471fc203081cea26dcc7f01e385bf?pvs=21),,"August 1, 2025 → March 31, 2026",,Maura Gancitano,Solo Maura,,1,Pianificazione,"WOW definire Contratto servizi TLON per Fondazione (https://www.notion.so/WOW-definire-Contratto-servizi-TLON-per-Fondazione-2e1471fc203081259acfcc91c02a1a88?pvs=21), WOW scrivere progetto eventi WoW (https://www.notion.so/WOW-scrivere-progetto-eventi-WoW-2e1471fc203081738e83ca654fd9689a?pvs=21), Impostare bozza calendario eventi PALAZZO NARDINI (https://www.notion.so/Impostare-bozza-calendario-eventi-PALAZZO-NARDINI-2e1471fc203081a28714c1f741be5fb1?pvs=21), WOW pianificare cataloghi  (https://www.notion.so/WOW-pianificare-cataloghi-2e1471fc2030810a90f3de6a907e1ceb?pvs=21), decidere comitato scientifico fondazione (https://www.notion.so/decidere-comitato-scientifico-fondazione-2e1471fc203081d1a8cce8fba65eb945?pvs=21), WOW scrivere storia mostra Manifesto (https://www.notion.so/WOW-scrivere-storia-mostra-Manifesto-2e1471fc2030815a8b86ffe831a1b99d?pvs=21), decidere concept mostra Attraverso / Contro (https://www.notion.so/decidere-concept-mostra-Attraverso-Contro-2e1471fc20308146be7ff9aca8cb98f0?pvs=21), Riunione con Fondazione WOW (https://www.notion.so/Riunione-con-Fondazione-WOW-a53e40c51fe74cc988993c0f9340164c?pvs=21), preparare piano catalogo WoW (https://www.notion.so/preparare-piano-catalogo-WoW-2fb471fc20308063a937fc002d553333?pvs=21), pianificare scadenze per produzione contenuti, scrittura podcast e public program WoW (https://www.notion.so/pianificare-scadenze-per-produzione-contenuti-scrittura-podcast-e-public-program-WoW-2fb471fc203080729497fccf9f4bd2a0?pvs=21), riunione Wow e su catalogo e aggiornamenti (https://www.notion.so/riunione-Wow-e-su-catalogo-e-aggiornamenti-2fb471fc2030806992c8db3e7f5c5b16?pvs=21)",
Fondazione Sardegna | Contemporanea 2025,,Big event (https://www.notion.so/Big-event-2e1471fc20308103b89ae2ac074632df?pvs=21),,"October 24, 2025 → October 26, 2025",,"Maura Gancitano, Andrea Colamedici",Non definito,,,Completato,,
AI Academy Generativa | TOCC,,Comitati scientifici (https://www.notion.so/Comitati-scientifici-2e1471fc203081cea26dcc7f01e385bf?pvs=21),,"September 15, 2025 → April 30, 2026",Rendicontazione della terza e ultima tranche (https://www.notion.so/Rendicontazione-della-terza-e-ultima-tranche-2fe471fc203080eca9e5d1485e2560f1?pvs=21),"Maura Gancitano, Andrea Colamedici",Tlon o entrambi,,0.5,Massima priorità,"Lavorare alla pubblicazione collegata Accademia Generativa (https://www.notion.so/Lavorare-alla-pubblicazione-collegata-Accademia-Generativa-f66dbc3b03ff43c7b4ad788f98704dc8?pvs=21), Continuare a lavorare sull'Accademia Generativa (https://www.notion.so/Continuare-a-lavorare-sull-Accademia-Generativa-3f251c6c7a7d4dd5a247eec5849532a8?pvs=21), ricalendarizzare lezione Braga (https://www.notion.so/ricalendarizzare-lezione-Braga-2e1471fc2030812fb267fe430118a6ae?pvs=21), Riunione di coordinamento con Generativa (https://www.notion.so/Riunione-di-coordinamento-con-Generativa-2ec471fc2030807b9e22fd29251fff01?pvs=21), compilare bibliografia TOCC (cercare file) (https://www.notion.so/compilare-bibliografia-TOCC-cercare-file-2f5471fc20308009b466f2ea1781978d?pvs=21), Mi spiegate come funziona il vostro compenso per TOCC Generativa? (https://www.notion.so/Mi-spiegate-come-funziona-il-vostro-compenso-per-TOCC-Generativa-2fe471fc20308012b0d7e08fabfaa52d?pvs=21)",Giulia Boero
Lezioni di Meraviglia per Gavoi 2026,,Conferenze (https://www.notion.so/Conferenze-2e1471fc203081cf8d95d5afda0f0370?pvs=21),,,,"Andrea Colamedici, Maura Gancitano",,,0,Massima priorità,Ricontattare Niccolò Fabi per disponibilità Festival Gavoi 2026 (https://www.notion.so/Ricontattare-Niccol-Fabi-per-disponibilit-Festival-Gavoi-2026-2e1471fc2030816d8334ff4f04b422be?pvs=21),
Onde Alte - Massimiliano Ventimiglia,,,,,,Andrea Colamedici,Non definito,,,Bloccato,,
finalizzare edizione inglese di ADND,,Produzione editoriale (https://www.notion.so/Produzione-editoriale-2e1471fc203081b9ad4ecbfb013e29dd?pvs=21),,,,,,,0,,Decidere cosa fare con LADND in inglese (https://www.notion.so/Decidere-cosa-fare-con-LADND-in-inglese-2e1471fc20308178bf5cc14e44b7ba15?pvs=21),
Libro | Botanica della meraviglia,,Produzione editoriale (https://www.notion.so/Produzione-editoriale-2e1471fc203081b9ad4ecbfb013e29dd?pvs=21),,,,"Maura Gancitano, Andrea Colamedici",Non definito,,0,Completato,tradurre Botanica in inglese per Harper (https://www.notion.so/tradurre-Botanica-in-inglese-per-Harper-2fe471fc203080378d66ddeb74818504?pvs=21),
Casa del jazz (auditorium Roma),,,,,,,Non definito,,,Bloccato,,
Canale Youtube Tlon,,Comunicazione esterna Tlon (https://www.notion.so/Comunicazione-esterna-Tlon-2e1471fc20308154a5abf3c6ea5c291e?pvs=21),,,,Maura Gancitano,,,0.5714285714285714,Massima priorità,"impostare programmazione video professionali da aprile (trovare producer e montaggio) (https://www.notion.so/impostare-programmazione-video-professionali-da-aprile-trovare-producer-e-montaggio-2e1471fc203081a8b223c7266b9d21ec?pvs=21), ottenere monetizzazione YT (https://www.notion.so/ottenere-monetizzazione-YT-2e1471fc203081d69d21de7bcf17265a?pvs=21), Sviluppare idea vlog lavoro culturale (https://www.notion.so/Sviluppare-idea-vlog-lavoro-culturale-ae58b0e2ae3f45f999d7497a38defe15?pvs=21), Pianificare i titoli dei prossimi 4 video per YouTube (https://www.notion.so/Pianificare-i-titoli-dei-prossimi-4-video-per-YouTube-bc7070a3d6c0419db51f0c8c2934a292?pvs=21), Controllare dati fiscali YouTube (deve arrivare pin a casa) (https://www.notion.so/Controllare-dati-fiscali-YouTube-deve-arrivare-pin-a-casa-2e7471fc2030806baf9cc50ff3251de4?pvs=21), Registrare video YouTube  (https://www.notion.so/Registrare-video-YouTube-2ea471fc2030807bae51ea95110fe717?pvs=21), Registrare video YouTube  (https://www.notion.so/Registrare-video-YouTube-2f4471fc203081b895cac7fa66c8c7c3?pvs=21)",
Documentario RAI sui libri,,Altre produzioni (https://www.notion.so/Altre-produzioni-2e1471fc203081168a4fc4c8217ccd59?pvs=21),,,,,Non definito,,,Bloccato,,
"TlonLetter, BookClub e Filosofia di Gruppo",,Comunicazione esterna Tlon (https://www.notion.so/Comunicazione-esterna-Tlon-2e1471fc20308154a5abf3c6ea5c291e?pvs=21),,,,"Maura Gancitano, Chiara Battaglioni",Interno,,0.48484848484848486,Massima priorità,"Creare campagna newsletter su Linkedin (https://www.notion.so/Creare-campagna-newsletter-su-Linkedin-2e1471fc20308100be13ef7dcb9cc939?pvs=21), mandare newsletter su newsletter (https://www.notion.so/mandare-newsletter-su-newsletter-2e1471fc20308114877edb3ab5c4fb3e?pvs=21), Scrivere calendario Tlonletter 2026 (https://www.notion.so/Scrivere-calendario-Tlonletter-2026-2e1471fc203081a886f5c548af13d019?pvs=21), Aggiornare file consigli newsletter (https://www.notion.so/Aggiornare-file-consigli-newsletter-2e1471fc2030819eabcbe94cda96b37e?pvs=21), scrivere newsletter su pezzo NYT (https://www.notion.so/scrivere-newsletter-su-pezzo-NYT-2e1471fc2030819e8025d5f0bc450e4c?pvs=21), Invitare autori tlon a scrivere per newsletter (https://www.notion.so/Invitare-autori-tlon-a-scrivere-per-newsletter-2e1471fc203081d298d3d0d87146e1e5?pvs=21), mandare newsletter sondaggio (https://www.notion.so/mandare-newsletter-sondaggio-2e1471fc20308150a437cdf3b2bece2d?pvs=21), mandare newsletter Recherche 6 gennaio (https://www.notion.so/mandare-newsletter-Recherche-6-gennaio-2e1471fc203081cea93bc8bb5ee1f6c5?pvs=21), Scrivere rubrica libri letti (https://www.notion.so/Scrivere-rubrica-libri-letti-2e1471fc203081fba85dcf1ead2e937f?pvs=21), Definire se fare rubriche (l'IA spiegata a mio figlio di Andrea) (https://www.notion.so/Definire-se-fare-rubriche-l-IA-spiegata-a-mio-figlio-di-Andrea-e68e55e2a7e14f77a731c4d0bc24917f?pvs=21), inviare proposte sponsor a Marina Rinaldi, Clementoni, Mulino Bianco, Coop Opera Tua (https://www.notion.so/inviare-proposte-sponsor-a-Marina-Rinaldi-Clementoni-Mulino-Bianco-Coop-Opera-Tua-2e1471fc203081369b09cfbad7a283cc?pvs=21), Cambiare informazioni newsletter campagna 2026 (https://www.notion.so/Cambiare-informazioni-newsletter-campagna-2026-2e7471fc203080e38e6af281a11f83c1?pvs=21), Inviare libro 1/3 2026 per iscritti annuali Tlon Letter: Lucie Azema (https://www.notion.so/Inviare-libro-1-3-2026-per-iscritti-annuali-Tlon-Letter-Lucie-Azema-2e7471fc203080dd9657dc2bb9046d8f?pvs=21), Libro 2/3 2026 per iscritti annuali Tlon Letter : decidere quale e organizzare invii (https://www.notion.so/Libro-2-3-2026-per-iscritti-annuali-Tlon-Letter-decidere-quale-e-organizzare-invii-2e8471fc20308070b3b9ef066b8a8120?pvs=21), Libro 3/3 2026 per iscritti annuali Tlon Letter : decidere quale e organizzare invii  (https://www.notion.so/Libro-3-3-2026-per-iscritti-annuali-Tlon-Letter-decidere-quale-e-organizzare-invii-2e8471fc203080b8b502f6f6f1d76d6f?pvs=21), Valutare la proposta del quizzettone per il BookClub di febbraio - Se le dai il via, lo prepara lei. (https://www.notion.so/Valutare-la-proposta-del-quizzettone-per-il-BookClub-di-febbraio-Se-le-dai-il-via-lo-prepara-lei-2ea471fc2030806ba2b0ef150320dc19?pvs=21), Fissare i prossimi incontri di Filosofia di gruppo (https://www.notion.so/Fissare-i-prossimi-incontri-di-Filosofia-di-gruppo-2e6471fc203080b49a5de8f1ba6796a2?pvs=21), Controlla e registra su Notion e Calendario prossimi eventi di FdG (comunicati in NL) (https://www.notion.so/Controlla-e-registra-su-Notion-e-Calendario-prossimi-eventi-di-FdG-comunicati-in-NL-2ef471fc2030800eae98cc48bcb3faaf?pvs=21), Funzionamento della TlonLetter → Call Chiara e Andrea (https://www.notion.so/Funzionamento-della-TlonLetter-Call-Chiara-e-Andrea-2ef471fc203080238be8f336f8225a3d?pvs=21), Filosofia di gruppo (https://www.notion.so/Filosofia-di-gruppo-2f1471fc20308026a122e845586b44bb?pvs=21), Filosofia di gruppo  (https://www.notion.so/Filosofia-di-gruppo-2f1471fc203080c192a6d40456f9e594?pvs=21), Filosofia di gruppo (https://www.notion.so/Filosofia-di-gruppo-2f1471fc203080808d9bd9ba3918a3d9?pvs=21), Filosofia di gruppo  (https://www.notion.so/Filosofia-di-gruppo-2f1471fc203080f39cfbee61ac37a5de?pvs=21), Filosofia di gruppo (https://www.notion.so/Filosofia-di-gruppo-2f1471fc203080d1bedbef4824fbac68?pvs=21), Filosofia di gruppo (https://www.notion.so/Filosofia-di-gruppo-2f1471fc20308000bf14d42877d4a88a?pvs=21), BookClub @Last Tuesday  (https://www.notion.so/BookClub-2f1471fc203080b1830dd1013a818fe7?pvs=21), Inviare newsletter con link al @BookClub @Last Tuesday   (https://www.notion.so/Inviare-newsletter-con-link-al-2f1471fc203080baa306e7d95135d35a?pvs=21), preparare incontro BookClub (https://www.notion.so/preparare-incontro-BookClub-2f3471fc2030807c9b5eda6e8ebc29b2?pvs=21), Mandare newsletter su Filosofia di Gruppo (https://www.notion.so/Mandare-newsletter-su-Filosofia-di-Gruppo-2ee471fc203080d487ded04791d77295?pvs=21), preparare sondaggio BookClub febbraio + mandare NL con registrazione gennaio (e fissare data febbraio) (https://www.notion.so/preparare-sondaggio-BookClub-febbraio-mandare-NL-con-registrazione-gennaio-e-fissare-data-febbrai-2f6471fc203080feb90ed791dddc8cf3?pvs=21), Inviare newsletter su libro di febbraio (https://www.notion.so/Inviare-newsletter-su-libro-di-febbraio-2f7471fc203080d3b56bce9f19cc739b?pvs=21), scrivere neewsletter con link BookClub + piano e chat Recherche (https://www.notion.so/scrivere-neewsletter-con-link-BookClub-piano-e-chat-Recherche-2fa471fc203080f0a8b4e29481fcbeb7?pvs=21), Verificare perché non sta funzionando il tag Tre-book ai nuovi iscritti a 70€ (https://www.notion.so/Verificare-perch-non-sta-funzionando-il-tag-Tre-book-ai-nuovi-iscritti-a-70-2fc471fc203080c893e2e2951d1f19fb?pvs=21)",
Brasile | Sebastian Mariano Giorgi,,Produzione editoriale (https://www.notion.so/Produzione-editoriale-2e1471fc203081b9ad4ecbfb013e29dd?pvs=21),,"February 1, 2026",,Andrea Colamedici,,,,Bloccato,,
Centro Studi IA,,Consulenza (https://www.notion.so/Consulenza-2e1471fc203081dab7f2cf032ecd4792?pvs=21),,,,"Maura Gancitano, Andrea Colamedici",Non definito,,0,Completato,Scrivere a Mario Rasetti (https://www.notion.so/Scrivere-a-Mario-Rasetti-2e1471fc203081678bcbd59e1bf9ade4?pvs=21),
Unione Italiana Disegno (Comitato scientifico),,Comitati scientifici (https://www.notion.so/Comitati-scientifici-2e1471fc203081cea26dcc7f01e385bf?pvs=21),,,,,,,,Cancellato,,
Abitare l'incertezza con Andrea Benedetti UniPisa,,Docenze (https://www.notion.so/Docenze-2e1471fc20308151b660fcaa40a96930?pvs=21),,,,Andrea Colamedici,,,1,Bloccato,Sentire Andrea Benedetti (https://www.notion.so/Sentire-Andrea-Benedetti-2e1471fc203081258af8eeeeb39356e1?pvs=21),
Progetto Biennale ALVEARE,,Big event (https://www.notion.so/Big-event-2e1471fc20308103b89ae2ac074632df?pvs=21),Cristiana Collu (https://www.notion.so/Cristiana-Collu-2e2471fc203080e880adc4404732c25e?pvs=21),,,"Maura Gancitano, Andrea Colamedici",,,0,Bloccato,Capire se sviluppare progetto per Biennale (ALVEARE) (https://www.notion.so/Capire-se-sviluppare-progetto-per-Biennale-ALVEARE-367a3276f6044f1190ac447356ea5d32?pvs=21),
Comitato Scientifico Astera per Università di Foggia,,Comitati scientifici (https://www.notion.so/Comitati-scientifici-2e1471fc203081cea26dcc7f01e385bf?pvs=21),,,,"Andrea Colamedici, Maura Gancitano",,,0,Massima priorità,Uscita volume Astera 2025 (scadenza 20/01) (https://www.notion.so/Uscita-volume-Astera-2025-scadenza-20-01-2e1471fc2030818694a2c1580fbf7c42?pvs=21),
Collana UniSiena (Comitato scientifico),,Comitati scientifici (https://www.notion.so/Comitati-scientifici-2e1471fc203081cea26dcc7f01e385bf?pvs=21),,,,Andrea Colamedici,,,,Bloccato,,
Libro UTET,,Produzione editoriale (https://www.notion.so/Produzione-editoriale-2e1471fc203081b9ad4ecbfb013e29dd?pvs=21),,,,Andrea Colamedici,Non definito,,0,Massima priorità,"avanzare libro Utet (https://www.notion.so/avanzare-libro-Utet-2e1471fc2030818e9aa6c99ad2ef7fc6?pvs=21), definire uscite Utet e Marsilio (https://www.notion.so/definire-uscite-Utet-e-Marsilio-2e1471fc203081f79a05e47fa6158734?pvs=21), Lancio libro Utet (https://www.notion.so/Lancio-libro-Utet-9785f824357f4b3ba262a008aa6f8071?pvs=21)",
Ipnocrazia al Teatro Carcano,,Altre produzioni (https://www.notion.so/Altre-produzioni-2e1471fc203081168a4fc4c8217ccd59?pvs=21),,,,"Andrea Colamedici, Maura Gancitano",,,0.2,Massima priorità,"Progettare serata Teatro Carcano su Ipnocrazia 23 marzo (https://www.notion.so/Progettare-serata-Teatro-Carcano-su-Ipnocrazia-23-marzo-2e1471fc20308147b25afb064a49de29?pvs=21), Teatro Carcano, Ipnocrazia (https://www.notion.so/Teatro-Carcano-Ipnocrazia-2e2471fc203080458e6cf28658f05171?pvs=21), Contattare Gabriele Di Luca per progettare lo spettacolo: fissare incontro a fine gennaio, sarà a Roma (https://www.notion.so/Contattare-Gabriele-Di-Luca-per-progettare-lo-spettacolo-fissare-incontro-a-fine-gennaio-sar-a-Ro-2e6471fc203080cc9137d4c96813030c?pvs=21), fissare nuova riunione con Gabriele Di Luca per Ipnocrazia a teatro (https://www.notion.so/fissare-nuova-riunione-con-Gabriele-Di-Luca-per-Ipnocrazia-a-teatro-2fb471fc20308091aad5e88b1f4bbe2c?pvs=21), Chiedi a Letizia: compenso per Ipnocrazia al Teatro Carcano, come funziona? (https://www.notion.so/Chiedi-a-Letizia-compenso-per-Ipnocrazia-al-Teatro-Carcano-come-funziona-2fe471fc203080d8a519ccbd3591824d?pvs=21)",
IlPod 2026,,Big event (https://www.notion.so/Big-event-2e1471fc20308103b89ae2ac074632df?pvs=21),,"December 1, 2025 → June 30, 2026",Finanziamento della Fondazione PC e Vigevano per Il Pod 2026 (https://www.notion.so/Finanziamento-della-Fondazione-PC-e-Vigevano-per-Il-Pod-2026-2fe471fc2030801eb71cef18ad41a31e?pvs=21),"Maura Gancitano, Andrea Colamedici",Non definito,,0.375,Massima priorità,"Definizione dei premi del Pod → Chiama la Fondazione per condividere reason why e avere conferma (https://www.notion.so/Definizione-dei-premi-del-Pod-Chiama-la-Fondazione-per-condividere-reason-why-e-avere-conferma-2e1471fc203081cba497f7aa058f02bc?pvs=21), Il Pod Academy: scrivere il progetto (https://www.notion.so/Il-Pod-Academy-scrivere-il-progetto-2e1471fc2030818b8937fba45ed0a5e9?pvs=21), Recuperare appunti IlPod 2025 per il capitolato 2026 (https://www.notion.so/Recuperare-appunti-IlPod-2025-per-il-capitolato-2026-2e1471fc203081fea4c8e6b6bbabb1eb?pvs=21), Controllare casella di posta info@ilpod: come la vuoi gestire? (https://www.notion.so/Controllare-casella-di-posta-info-ilpod-come-la-vuoi-gestire-2e1471fc2030810db721fa53dc7f98df?pvs=21), Scrivere capitolato IlPod (https://www.notion.so/Scrivere-capitolato-IlPod-2e1471fc20308157878acab6aed5798d?pvs=21), ILPOD controllare rinnovo sito (https://www.notion.so/ILPOD-controllare-rinnovo-sito-2e1471fc2030811fa8e0ecb93c7f7343?pvs=21), Telefonata di Chiara (Delogu) per limare costi → Conferma della Fondazione Piacenza e Vigevano per partire con il lavoro (https://www.notion.so/Telefonata-di-Chiara-Delogu-per-limare-costi-Conferma-della-Fondazione-Piacenza-e-Vigevano-per-p-2e2471fc2030807dbddbddba1f78008b?pvs=21), Pianificazione e budget IlPod aprile-settembre (https://www.notion.so/Pianificazione-e-budget-IlPod-aprile-settembre-2f3471fc20308014a302c908787bbd66?pvs=21), Riunione Il Pod | definiamo i premi, con Fabio e Rossella (https://www.notion.so/Riunione-Il-Pod-definiamo-i-premi-con-Fabio-e-Rossella-2fd471fc20308065a146f4262d9baa3a?pvs=21), Definire tutti i componenti del Comitato Scientifico (https://www.notion.so/Definire-tutti-i-componenti-del-Comitato-Scientifico-2fd471fc203080a2a21fc7221418568b?pvs=21), Premio Il Pod 2023 a Piacenza (https://www.notion.so/Premio-Il-Pod-2023-a-Piacenza-2fd471fc203080fba4afde824d099c7c?pvs=21), Chiudere comitato scientifico IlPod (https://www.notion.so/Chiudere-comitato-scientifico-IlPod-2fe471fc2030800e9e54cef4f289b5b9?pvs=21), lanciare open call IlPod (documento per scuole e docenti per candidature) (https://www.notion.so/lanciare-open-call-IlPod-documento-per-scuole-e-docenti-per-candidature-2fe471fc203080169d2ceaed4613482c?pvs=21), preparare sito e comunicazione Ilpod (https://www.notion.so/preparare-sito-e-comunicazione-Ilpod-2fe471fc203080e68980f41c7147f1fe?pvs=21), preparare schedule IlPod (https://www.notion.so/preparare-schedule-IlPod-2fe471fc2030809bb815c1712ab7fdf6?pvs=21), Definire i docenti dell’Academy  (https://www.notion.so/Definire-i-docenti-dell-Academy-2fe471fc203080f7815fd7e3889be573?pvs=21)","Chiara Battaglioni, Giulia Boero, Seg. Organizzativa Fond.PCVig"
AANT - Genialhub,,Consulenza (https://www.notion.so/Consulenza-2e1471fc203081dab7f2cf032ecd4792?pvs=21),,,,"Maura Gancitano, Andrea Colamedici",Non remunerato,,0.4,Massima priorità,"Inserimento stagisti comm e mkt (AANT) (https://www.notion.so/Inserimento-stagisti-comm-e-mkt-AANT-8e7878c1433640cf87c9c4989359de59?pvs=21), Lavoro su GeniaLab - coordinamento (https://www.notion.so/Lavoro-su-GeniaLab-coordinamento-5bd5ea994d1943c5936809edc6065610?pvs=21), Lavoro sulle pubblicazioni della rivista AANT (https://www.notion.so/Lavoro-sulle-pubblicazioni-della-rivista-AANT-aab2679d01964657b5d2f592a234174b?pvs=21), Controllare se ci sono date corso XUN su calendario (https://www.notion.so/Controllare-se-ci-sono-date-corso-XUN-su-calendario-2e1471fc20308119bf5ef77ae78d9906?pvs=21), riunione con Gianna Angelini per GENIAlab (https://www.notion.so/riunione-con-Gianna-Angelini-per-GENIAlab-2fb471fc2030803798a9e398031fa78f?pvs=21)",
Libro | “Prompt Thinking” di Jianwei Xun (ed.PolityPress),,Produzione editoriale (https://www.notion.so/Produzione-editoriale-2e1471fc203081b9ad4ecbfb013e29dd?pvs=21),,"March 1, 2026 → March 31, 2026",,Andrea Colamedici,Non definito,,,In corso,,
I Generativi,,,,,,"Maura Gancitano, Andrea Colamedici",Non definito,,,Bloccato,,
Gestione social Tlon,,Comunicazione esterna Tlon (https://www.notion.so/Comunicazione-esterna-Tlon-2e1471fc20308154a5abf3c6ea5c291e?pvs=21),,,,,Non remunerato,,0.5,In corso,"Fare post Linkedin pagina Tlon (https://www.notion.so/Fare-post-Linkedin-pagina-Tlon-2ea471fc203080be8a95feacd040fe2a?pvs=21), verifica numero telefono TikTok (https://www.notion.so/verifica-numero-telefono-TikTok-2ee471fc203080bc89dff41e2449f793?pvs=21)",
rescissione contratto Il Leone Verde,,,,,,Maura Gancitano,,,0,,rescissione contratto Il Leone Verde (https://www.notion.so/rescissione-contratto-Il-Leone-Verde-2e1471fc2030811187b2e7e53174c3e6?pvs=21),
Andrea podcast con Arcagni,,Altre produzioni (https://www.notion.so/Altre-produzioni-2e1471fc203081168a4fc4c8217ccd59?pvs=21),,,,,,,,,,
Passaggi di dogana 100 | GIULIO PERRONE EDITORE,,Produzione editoriale (https://www.notion.so/Produzione-editoriale-2e1471fc203081b9ad4ecbfb013e29dd?pvs=21),,,,Maura Gancitano,,,0,Massima priorità,Scrivere contributi per Perrone Editore (https://www.notion.so/Scrivere-contributi-per-Perrone-Editore-2e1471fc203081d2aad5dab016a42e5c?pvs=21),
Corsi formazione Mondadori Academy,,Docenze (https://www.notion.so/Docenze-2e1471fc20308151b660fcaa40a96930?pvs=21),,,Incarico Maura per video corso Mondadori Academy (https://www.notion.so/Incarico-Maura-per-video-corso-Mondadori-Academy-2fe471fc203080e3a8a0ebc3ab77f88a?pvs=21),Maura Gancitano,,,0.6,Massima priorità,"registrare corsi formazione Mondadori Academy a Milano fine febbraio (https://www.notion.so/registrare-corsi-formazione-Mondadori-Academy-a-Milano-fine-febbraio-2e1471fc20308161bd89c930d39ac3bd?pvs=21), Proposta di collaborazione con Mondadori Academy per corsi di formazione (https://www.notion.so/Proposta-di-collaborazione-con-Mondadori-Academy-per-corsi-di-formazione-2e1471fc2030816ca2a9e8c160a20627?pvs=21), Mandata bozza due corsi per Mondadori Academy (https://www.notion.so/Mandata-bozza-due-corsi-per-Mondadori-Academy-2e2471fc203080fe9e57f479691a08db?pvs=21), Registrare corsi di formazione per Mondadori Academy a Milano (ricalendarizzare) (https://www.notion.so/Registrare-corsi-di-formazione-per-Mondadori-Academy-a-Milano-ricalendarizzare-4861fda0d1674484820b0d96b89c3bdb?pvs=21), Call con Mondadori (https://www.notion.so/Call-con-Mondadori-2ec471fc2030804a836cf8173472b703?pvs=21)",
Corso Prompt Thinking Università IED,,Docenze (https://www.notion.so/Docenze-2e1471fc20308151b660fcaa40a96930?pvs=21),,,Docenze per il corso IED (https://www.notion.so/Docenze-per-il-corso-IED-2fe471fc203080b8b471e05b624b20d3?pvs=21),"Maura Gancitano, Andrea Colamedici",Non definito,,0,Massima priorità,"Rivedere corso IED che parte a marzo (https://www.notion.so/Rivedere-corso-IED-che-parte-a-marzo-2e1471fc203081278a6bfa1b95e92497?pvs=21), Quarta lezione IED (https://www.notion.so/Quarta-lezione-IED-2e2471fc20308039a958f768e7de7f84?pvs=21), Terza lezione IED (https://www.notion.so/Terza-lezione-IED-2e2471fc203080eea2f9d6bdf8311322?pvs=21), Prima lezione corso IED (https://www.notion.so/Prima-lezione-corso-IED-2e2471fc20308073aa8fe698eec90dc2?pvs=21), Seconda lezione corso IED (https://www.notion.so/Seconda-lezione-corso-IED-2e2471fc203080a19cdad133f3fc00c8?pvs=21), spostare lezione IED 20 aprile (https://www.notion.so/spostare-lezione-IED-20-aprile-2fb471fc20308004ac5fdcf977411895?pvs=21)",
Libro per Rizzoli,,Produzione editoriale (https://www.notion.so/Produzione-editoriale-2e1471fc203081b9ad4ecbfb013e29dd?pvs=21),,,,Maura Gancitano,Non definito,,0.4,Massima priorità,"finire di scrivere il libro per Rizzoli (https://www.notion.so/finire-di-scrivere-il-libro-per-Rizzoli-2e1471fc203081ceb766e9b370ea51f6?pvs=21), inviare indice progetto Rizzoli (https://www.notion.so/inviare-indice-progetto-Rizzoli-2e1471fc20308132ad11c7efa86b0bf1?pvs=21), Mandare intro e cap. 1-2 a Rizzoli (https://www.notion.so/Mandare-intro-e-cap-1-2-a-Rizzoli-2ea471fc203080109242c36ee08d39f9?pvs=21), Mandare cap. 4 a Rizzoli (https://www.notion.so/Mandare-cap-4-a-Rizzoli-2f3471fc2030804b932df25a008e7f7f?pvs=21), Mandare cap. 3. a Rizzoli (https://www.notion.so/Mandare-cap-3-a-Rizzoli-2ef471fc203080a9af65e0cfb62ed8e2?pvs=21)",
"Università di Foggia ",,Comitati scientifici (https://www.notion.so/Comitati-scientifici-2e1471fc203081cea26dcc7f01e385bf?pvs=21),,,,,Non remunerato,,,In corso,,
Spettacolo Fettarappa,,Altre produzioni (https://www.notion.so/Altre-produzioni-2e1471fc203081168a4fc4c8217ccd59?pvs=21),,,,Andrea Colamedici,,,,Completato,,
Siti web | Tlon e Andrecolamedici.com,,Comunicazione esterna Tlon (https://www.notion.so/Comunicazione-esterna-Tlon-2e1471fc20308154a5abf3c6ea5c291e?pvs=21),,,,Andrea Colamedici,Non remunerato,,1,Completato,"rifare sito (https://www.notion.so/rifare-sito-2e1471fc203081368563e991a7c74e88?pvs=21), Creare la sezione news sul sito (https://www.notion.so/Creare-la-sezione-news-sul-sito-2e6471fc2030804487c2e9f7b44d0908?pvs=21), Mi dai per favore il link al tuo sito, che mi dicevi avevi aggiornato? Così me lo salvo.  (https://www.notion.so/Mi-dai-per-favore-il-link-al-tuo-sito-che-mi-dicevi-avevi-aggiornato-Cos-me-lo-salvo-2ec471fc203080bdbb3dfd7ec8a9a86f?pvs=21)",
Podcast Tlon su Spotify,,Comunicazione esterna Tlon (https://www.notion.so/Comunicazione-esterna-Tlon-2e1471fc20308154a5abf3c6ea5c291e?pvs=21),,,,,Non remunerato,,0,Pianificazione,riprendere podcast Tlon su Spotify (https://www.notion.so/riprendere-podcast-Tlon-su-Spotify-2e1471fc20308111b31bc9f801137800?pvs=21),
Conferenza Querini Stampalia | Venezia,,Conferenze (https://www.notion.so/Conferenze-2e1471fc203081cf8d95d5afda0f0370?pvs=21),,,,Maura Gancitano,,,0,Massima priorità,Fissare conferenza da Querini Stampalia a Venezia (https://www.notion.so/Fissare-conferenza-da-Querini-Stampalia-a-Venezia-fb6d6e73f35c4bb88d6d37fad30607d7?pvs=21),
Carnevale di Putignano 2026,,Big event (https://www.notion.so/Big-event-2e1471fc20308103b89ae2ac074632df?pvs=21),,"February 1, 2026 → March 15, 2026",Prima rata per il Carnevale di Putignano 2026 (https://www.notion.so/Prima-rata-per-il-Carnevale-di-Putignano-2026-2fe471fc203080ba9193d20ef7d7a023?pvs=21),"Andrea Colamedici, Maura Gancitano",Non definito,,0.5,Massima priorità,"Lavoro sul Carnevale di Putignano (https://www.notion.so/Lavoro-sul-Carnevale-di-Putignano-2e1471fc2030813490fdf95168f9ed1e?pvs=21), chiedere compenso Carnevale Putignano 2026 (https://www.notion.so/chiedere-compenso-Carnevale-Putignano-2026-2e1471fc203081eaa6e0dfde29ef8c71?pvs=21), Carnevale di Putignano (https://www.notion.so/Carnevale-di-Putignano-2e2471fc2030808a865bfc4e93cca070?pvs=21), un articolo per Domani sul Carnevale di Putignano (https://www.notion.so/un-articolo-per-Domani-sul-Carnevale-di-Putignano-2ef471fc2030809e9541f24e024e5f81?pvs=21), Verifica che siano arrivati viaggi e alloggio (https://www.notion.so/Verifica-che-siano-arrivati-viaggi-e-alloggio-2ef471fc203080158276d301b0cfeee0?pvs=21), Maura in giuria al Carnevale (https://www.notion.so/Maura-in-giuria-al-Carnevale-2f8471fc2030807c958ec509fd736325?pvs=21), Diretta Instagram su Carnevale di Putignano (https://www.notion.so/Diretta-Instagram-su-Carnevale-di-Putignano-2fb471fc20308080846ac0b92976b218?pvs=21), Intervista con Parole su Carnevale di Putignano (https://www.notion.so/Intervista-con-Parole-su-Carnevale-di-Putignano-2fb471fc2030809b9dd8f3bad968e811?pvs=21), Intervista con Radio InBlu su Carnevale Putignano (https://www.notion.so/Intervista-con-Radio-InBlu-su-Carnevale-Putignano-2fb471fc203080308916c853b4f22a7d?pvs=21), Integra fatture previste da contratto (https://www.notion.so/Integra-fatture-previste-da-contratto-2fe471fc203080019975eff78d574f75?pvs=21)",
TikTok Tlon,,Comunicazione esterna Tlon (https://www.notion.so/Comunicazione-esterna-Tlon-2e1471fc20308154a5abf3c6ea5c291e?pvs=21),,,,Maura Gancitano,,,0,Massima priorità,Sviluppare video TikTok (https://www.notion.so/Sviluppare-video-TikTok-8d95d15b0de548bca24e528f66df01a0?pvs=21),
Casa Editrice Tlon,,Casa editrice (https://www.notion.so/Casa-editrice-2e1471fc203081bc9915c7ccbd5ce09f?pvs=21),,,,"Andrea Colamedici, Maura Gancitano",,,,Massima priorità,,
Mazzucchelli → Contributo audio per progetto Whatsapp,,Altre produzioni (https://www.notion.so/Altre-produzioni-2e1471fc203081168a4fc4c8217ccd59?pvs=21),,"January 4, 2026 → January 10, 2026",,Maura Gancitano,Non remunerato,,1,Completato,mandare audio a Mazzucchelli (https://www.notion.so/mandare-audio-a-Mazzucchelli-2e1471fc203081dfac07cad595e7cd12?pvs=21),
"Generation Week - Banca Investis Design Week ",,Altre produzioni (https://www.notion.so/Altre-produzioni-2e1471fc203081168a4fc4c8217ccd59?pvs=21),,,Incarico per Generation Week (TBD Mismaonda) (https://www.notion.so/Incarico-per-Generation-Week-TBD-Mismaonda-2ee471fc2030804d9322c4d64995b441?pvs=21),Andrea Colamedici,,,0.4,Massima priorità,"Integrare progetto Notion con maggiori dettagli: di che si tratta, cosa va consegnato, incarico ecc. (https://www.notion.so/Integrare-progetto-Notion-con-maggiori-dettagli-di-che-si-tratta-cosa-va-consegnato-incarico-ecc-2e1471fc203081c6bb30f59d3a07dcb5?pvs=21), Andrea va a Milano per Generation Week (https://www.notion.so/Andrea-va-a-Milano-per-Generation-Week-2ee471fc2030807593c8d895c25b91f0?pvs=21), Revisione intermedia dei concetti (da remoto) (https://www.notion.so/Revisione-intermedia-dei-concetti-da-remoto-2f6471fc203080b6ab56fb17d795e53e?pvs=21), Da Letizia, conferma dell’importo dell’incarico di Andrea per Generation Week (https://www.notion.so/Da-Letizia-conferma-dell-importo-dell-incarico-di-Andrea-per-Generation-Week-2f6471fc20308064a18bf691c33a499a?pvs=21), Selezione finale dei progetti di Generation Week (https://www.notion.so/Selezione-finale-dei-progetti-di-Generation-Week-2f6471fc2030801eb9bccd8a28b39140?pvs=21)",Mismaonda
Fondazione Marea,,Comitati scientifici (https://www.notion.so/Comitati-scientifici-2e1471fc203081cea26dcc7f01e385bf?pvs=21),,,,Maura Gancitano,,,1,In corso,Maura scrivere a Fondazione Marea (https://www.notion.so/Maura-scrivere-a-Fondazione-Marea-2e1471fc203081a5a90cc962c3f5900e?pvs=21),
Gestione interna Tlon srl,,Personali (https://www.notion.so/Personali-2e1471fc20308194bfbed4f9cc7e95be?pvs=21),,,,Tlon HQ,Interno,,1,In corso,"Registrare i documenti di deposito del marchio (https://www.notion.so/Registrare-i-documenti-di-deposito-del-marchio-2e7471fc2030802a830ee6fcf0bc9fb6?pvs=21), Rispondere a mail di logistica 11/12 febbraio Lugano Biella di Elisa Mismaonda (https://www.notion.so/Rispondere-a-mail-di-logistica-11-12-febbraio-Lugano-Biella-di-Elisa-Mismaonda-2f1471fc2030804897e7cc3c3977b961?pvs=21), Check accessi al calendario Eventi Tlon (https://www.notion.so/Check-accessi-al-calendario-Eventi-Tlon-2f4471fc20308059bac9ef375ff9e700?pvs=21), In attesa preventivo avvocata per nuovo deposito del marchio Tlon (https://www.notion.so/In-attesa-preventivo-avvocata-per-nuovo-deposito-del-marchio-Tlon-2ef471fc2030804a8561ed580c70991f?pvs=21), Registra video HOW TO → Gestione del task “proposta” (https://www.notion.so/Registra-video-HOW-TO-Gestione-del-task-proposta-2fd471fc203080afa075d4f2699b6679?pvs=21)",
AANT - Corso Jianwei Xun nel secondo semestre,,Docenze (https://www.notion.so/Docenze-2e1471fc20308151b660fcaa40a96930?pvs=21),,,,"Andrea Colamedici, Maura Gancitano",,,1,Massima priorità,"Finire la progettazione del corso di Jianwei Xun (date e programma) (https://www.notion.so/Finire-la-progettazione-del-corso-di-Jianwei-Xun-date-e-programma-49ff2c803d6a417d8e4e1e01d9288be3?pvs=21), Parlare con Gianna Angelini: il lavoro da fare non è commisurato all’incarico (https://www.notion.so/Parlare-con-Gianna-Angelini-il-lavoro-da-fare-non-commisurato-all-incarico-2e7471fc203080348dd2fd128b3b8152?pvs=21)",
Analisi Delphi - ASFOR e FormezPA,,Produzione editoriale (https://www.notion.so/Produzione-editoriale-2e1471fc203081b9ad4ecbfb013e29dd?pvs=21),,,,Maura Gancitano,,,,Completato,,
The Peripheral Constellation a Barcellona,,Comitati scientifici (https://www.notion.so/Comitati-scientifici-2e1471fc203081cea26dcc7f01e385bf?pvs=21),,"May 1, 2026 → May 31, 2026",,"Andrea Colamedici, Maura Gancitano",,,0,In corso,Partecipazione a Constellation periferica a Barcellona (https://www.notion.so/Partecipazione-a-Constellation-periferica-a-Barcellona-2ea471fc20308074aefbff0c794208b4?pvs=21),
Struzzo a scuola,,Conferenze (https://www.notion.so/Conferenze-2e1471fc203081cf8d95d5afda0f0370?pvs=21),Emilia Donatelli (https://www.notion.so/Emilia-Donatelli-2ea471fc2030802a982ff71f0423a08d?pvs=21),,,Maura Gancitano,,,0.3333333333333333,In corso,"Struzzo a Scuola, Zogno (BG) (https://www.notion.so/Struzzo-a-Scuola-Zogno-BG-2e2471fc203080e696f3e4524fab16ff?pvs=21), Struzzo a Scuola, Scandicci (Firenze) (https://www.notion.so/Struzzo-a-Scuola-Scandicci-Firenze-2e2471fc203080009336c1de324449e8?pvs=21), Struzzo a Scuola, Teramo (https://www.notion.so/Struzzo-a-Scuola-Teramo-2e2471fc2030800f87cff97045c76685?pvs=21), Liceo Aristotele di Roma per lo Struzzo a Scuola (https://www.notion.so/Liceo-Aristotele-di-Roma-per-lo-Struzzo-a-Scuola-2e2471fc203080069e30fe956b4602ea?pvs=21), Struzzo a Scuola, Liceo Aristofane, Roma (https://www.notion.so/Struzzo-a-Scuola-Liceo-Aristofane-Roma-2e2471fc20308037b2b2d78215c198f0?pvs=21), Confermare o meno la disponibilità per 2 date ad aprile in Puglia (vedi note per dettaglio) (https://www.notion.so/Confermare-o-meno-la-disponibilit-per-2-date-ad-aprile-in-Puglia-vedi-note-per-dettaglio-2ea471fc20308089bc13d2c9c34389ec?pvs=21)",
Cose personali,,Personali (https://www.notion.so/Personali-2e1471fc20308194bfbed4f9cc7e95be?pvs=21),,,,"Maura Gancitano, Andrea Colamedici",,,,In corso,,
IED | Corso di laurea 2028,,Docenze (https://www.notion.so/Docenze-2e1471fc20308151b660fcaa40a96930?pvs=21),,,,Andrea Colamedici,,,,Potenziale,,
Progetti potenziali,,Altre produzioni (https://www.notion.so/Altre-produzioni-2e1471fc203081168a4fc4c8217ccd59?pvs=21),,,,"Maura Gancitano, Andrea Colamedici",Non definito,,0.5,Potenziale,"Call assessore di Mazara del Vallo + presidente Municipio 8 di Roma (https://www.notion.so/Call-assessore-di-Mazara-del-Vallo-presidente-Municipio-8-di-Roma-2f1471fc2030801e940fcb3f973db72d?pvs=21), proposta nuovo libro Einaudi (https://www.notion.so/proposta-nuovo-libro-Einaudi-2f7471fc203080aaa72cfae8125260b2?pvs=21)",
Bando Cerv Reti di Città | Comune di Mazara e Municipio 8 di Roma,,Big event (https://www.notion.so/Big-event-2e1471fc20308103b89ae2ac074632df?pvs=21),,,,Maura Gancitano,,,1,Potenziale,Invio del concept per bando Cerv Reti di Città (https://www.notion.so/Invio-del-concept-per-bando-Cerv-Reti-di-Citt-2f7471fc20308021aec5f56456d4689f?pvs=21),
Revisione e pulizia degli account Google Workspace,,"Amministrazione Tlon (https://www.notion.so/Amministrazione-Tlon-2e1471fc2030810781c7d5d94354ea54?pvs=21), Casa editrice (https://www.notion.so/Casa-editrice-2e1471fc203081bc9915c7ccbd5ce09f?pvs=21)",,,,Tlon HQ,Interno,,0,In corso,Scarica da workspace un documento di mappatura degli account (https://www.notion.so/Scarica-da-workspace-un-documento-di-mappatura-degli-account-2fd471fc20308006b810cac4c66b3516?pvs=21),
prog,,,,,,,,,,,,